#
# TABLE STRUCTURE FOR: author_subject
#

INSERT INTO `author_subject` (`book_id`, `subject_id`, `created_at`, `updated_at`) VALUES (1, 1, '2008-06-09 18:08:14', '1986-05-14 16:28:34');
INSERT INTO `author_subject` (`book_id`, `subject_id`, `created_at`, `updated_at`) VALUES (2, 2, '1973-09-06 07:54:53', '2007-07-30 16:31:44');
INSERT INTO `author_subject` (`book_id`, `subject_id`, `created_at`, `updated_at`) VALUES (3, 3, '1970-04-28 19:40:33', '2016-03-28 11:48:23');
INSERT INTO `author_subject` (`book_id`, `subject_id`, `created_at`, `updated_at`) VALUES (4, 4, '1987-10-16 18:04:27', '1988-08-23 09:14:44');
INSERT INTO `author_subject` (`book_id`, `subject_id`, `created_at`, `updated_at`) VALUES (5, 5, '2007-07-01 10:38:43', '2015-04-04 08:46:34');
INSERT INTO `author_subject` (`book_id`, `subject_id`, `created_at`, `updated_at`) VALUES (6, 6, '1976-02-04 19:14:18', '1973-07-22 14:14:59');
INSERT INTO `author_subject` (`book_id`, `subject_id`, `created_at`, `updated_at`) VALUES (7, 7, '1995-03-04 21:50:06', '1987-01-26 05:15:32');
INSERT INTO `author_subject` (`book_id`, `subject_id`, `created_at`, `updated_at`) VALUES (8, 8, '1970-03-17 01:33:21', '1993-10-22 04:12:57');
INSERT INTO `author_subject` (`book_id`, `subject_id`, `created_at`, `updated_at`) VALUES (9, 9, '2000-09-11 02:51:03', '1986-10-06 10:42:53');
INSERT INTO `author_subject` (`book_id`, `subject_id`, `created_at`, `updated_at`) VALUES (10, 10, '1970-10-20 20:02:01', '1986-06-19 06:20:52');
INSERT INTO `author_subject` (`book_id`, `subject_id`, `created_at`, `updated_at`) VALUES (11, 11, '1998-10-20 19:53:26', '2008-05-20 23:38:36');
INSERT INTO `author_subject` (`book_id`, `subject_id`, `created_at`, `updated_at`) VALUES (12, 12, '2013-11-16 19:52:17', '1999-09-09 19:18:22');
INSERT INTO `author_subject` (`book_id`, `subject_id`, `created_at`, `updated_at`) VALUES (13, 13, '1995-02-11 17:52:13', '1995-11-14 14:57:02');
INSERT INTO `author_subject` (`book_id`, `subject_id`, `created_at`, `updated_at`) VALUES (14, 14, '1979-07-28 08:26:23', '1989-02-13 01:19:36');
INSERT INTO `author_subject` (`book_id`, `subject_id`, `created_at`, `updated_at`) VALUES (15, 15, '2020-12-31 07:05:43', '2007-12-31 11:40:11');
INSERT INTO `author_subject` (`book_id`, `subject_id`, `created_at`, `updated_at`) VALUES (16, 16, '2002-08-20 13:15:14', '2012-02-09 00:20:33');
INSERT INTO `author_subject` (`book_id`, `subject_id`, `created_at`, `updated_at`) VALUES (17, 17, '2017-03-01 19:55:18', '1977-07-11 05:56:51');
INSERT INTO `author_subject` (`book_id`, `subject_id`, `created_at`, `updated_at`) VALUES (18, 18, '2007-07-14 10:40:24', '1970-02-05 03:10:43');
INSERT INTO `author_subject` (`book_id`, `subject_id`, `created_at`, `updated_at`) VALUES (19, 19, '1975-10-08 16:12:27', '2000-08-10 07:53:12');
INSERT INTO `author_subject` (`book_id`, `subject_id`, `created_at`, `updated_at`) VALUES (20, 20, '1997-08-31 20:27:44', '2018-10-16 06:20:58');
INSERT INTO `author_subject` (`book_id`, `subject_id`, `created_at`, `updated_at`) VALUES (21, 21, '1992-08-01 12:51:11', '1995-09-03 07:16:31');
INSERT INTO `author_subject` (`book_id`, `subject_id`, `created_at`, `updated_at`) VALUES (22, 22, '2002-11-23 15:41:02', '1993-01-18 08:48:11');
INSERT INTO `author_subject` (`book_id`, `subject_id`, `created_at`, `updated_at`) VALUES (23, 23, '1993-11-13 08:08:28', '1980-04-10 13:45:08');
INSERT INTO `author_subject` (`book_id`, `subject_id`, `created_at`, `updated_at`) VALUES (24, 24, '1982-02-17 02:55:16', '1988-07-05 10:41:07');
INSERT INTO `author_subject` (`book_id`, `subject_id`, `created_at`, `updated_at`) VALUES (25, 25, '1993-02-21 17:03:43', '2017-10-18 20:02:20');
INSERT INTO `author_subject` (`book_id`, `subject_id`, `created_at`, `updated_at`) VALUES (26, 26, '1997-11-03 22:58:01', '1995-05-16 01:25:56');
INSERT INTO `author_subject` (`book_id`, `subject_id`, `created_at`, `updated_at`) VALUES (27, 27, '2010-03-16 06:40:52', '1979-07-25 04:01:30');
INSERT INTO `author_subject` (`book_id`, `subject_id`, `created_at`, `updated_at`) VALUES (28, 28, '1973-05-27 01:51:15', '1990-06-20 18:35:17');
INSERT INTO `author_subject` (`book_id`, `subject_id`, `created_at`, `updated_at`) VALUES (29, 29, '1972-03-22 14:58:58', '1983-03-17 13:00:39');
INSERT INTO `author_subject` (`book_id`, `subject_id`, `created_at`, `updated_at`) VALUES (30, 30, '2006-10-19 04:13:59', '2012-11-15 20:54:10');
INSERT INTO `author_subject` (`book_id`, `subject_id`, `created_at`, `updated_at`) VALUES (31, 31, '1974-03-15 06:11:21', '1975-05-22 03:33:46');
INSERT INTO `author_subject` (`book_id`, `subject_id`, `created_at`, `updated_at`) VALUES (32, 32, '2015-12-24 05:53:14', '1980-08-03 08:59:24');
INSERT INTO `author_subject` (`book_id`, `subject_id`, `created_at`, `updated_at`) VALUES (33, 33, '1977-02-20 09:27:57', '1995-03-06 11:17:15');
INSERT INTO `author_subject` (`book_id`, `subject_id`, `created_at`, `updated_at`) VALUES (34, 34, '1980-09-07 14:03:52', '2019-01-31 08:56:32');
INSERT INTO `author_subject` (`book_id`, `subject_id`, `created_at`, `updated_at`) VALUES (35, 35, '1978-02-19 22:59:00', '2016-04-12 22:45:29');
INSERT INTO `author_subject` (`book_id`, `subject_id`, `created_at`, `updated_at`) VALUES (36, 36, '1972-05-01 21:18:55', '2001-08-20 05:24:18');
INSERT INTO `author_subject` (`book_id`, `subject_id`, `created_at`, `updated_at`) VALUES (37, 37, '2002-07-03 21:11:25', '1988-08-06 18:38:58');
INSERT INTO `author_subject` (`book_id`, `subject_id`, `created_at`, `updated_at`) VALUES (38, 38, '2012-07-19 06:30:35', '2012-03-03 17:49:14');
INSERT INTO `author_subject` (`book_id`, `subject_id`, `created_at`, `updated_at`) VALUES (39, 39, '2011-04-11 19:12:46', '1991-06-20 17:53:14');
INSERT INTO `author_subject` (`book_id`, `subject_id`, `created_at`, `updated_at`) VALUES (40, 40, '1990-06-17 06:34:50', '2004-01-15 04:59:29');
INSERT INTO `author_subject` (`book_id`, `subject_id`, `created_at`, `updated_at`) VALUES (41, 41, '2004-02-14 06:18:40', '2000-01-10 18:51:09');
INSERT INTO `author_subject` (`book_id`, `subject_id`, `created_at`, `updated_at`) VALUES (42, 42, '1974-11-18 13:00:09', '2005-01-18 01:41:42');
INSERT INTO `author_subject` (`book_id`, `subject_id`, `created_at`, `updated_at`) VALUES (43, 43, '1986-03-31 13:09:21', '2005-02-18 13:39:43');
INSERT INTO `author_subject` (`book_id`, `subject_id`, `created_at`, `updated_at`) VALUES (44, 44, '1973-01-27 03:23:07', '1976-01-14 01:23:17');
INSERT INTO `author_subject` (`book_id`, `subject_id`, `created_at`, `updated_at`) VALUES (45, 45, '2019-01-31 23:03:23', '1993-11-12 10:22:13');
INSERT INTO `author_subject` (`book_id`, `subject_id`, `created_at`, `updated_at`) VALUES (46, 46, '1985-07-01 20:04:23', '1971-05-04 17:59:08');
INSERT INTO `author_subject` (`book_id`, `subject_id`, `created_at`, `updated_at`) VALUES (47, 47, '1991-06-28 23:38:14', '2011-06-02 04:50:09');
INSERT INTO `author_subject` (`book_id`, `subject_id`, `created_at`, `updated_at`) VALUES (48, 48, '1975-09-16 02:36:55', '2006-09-23 14:58:28');
INSERT INTO `author_subject` (`book_id`, `subject_id`, `created_at`, `updated_at`) VALUES (49, 49, '1995-06-28 17:47:10', '1970-09-24 01:19:39');
INSERT INTO `author_subject` (`book_id`, `subject_id`, `created_at`, `updated_at`) VALUES (50, 50, '2007-09-03 15:24:30', '2006-09-16 12:26:51');
INSERT INTO `author_subject` (`book_id`, `subject_id`, `created_at`, `updated_at`) VALUES (51, 51, '1994-06-27 18:27:28', '1997-09-16 14:59:43');
INSERT INTO `author_subject` (`book_id`, `subject_id`, `created_at`, `updated_at`) VALUES (52, 52, '1978-10-26 12:19:49', '1993-03-02 17:11:47');
INSERT INTO `author_subject` (`book_id`, `subject_id`, `created_at`, `updated_at`) VALUES (53, 53, '1970-10-12 12:04:29', '2021-03-06 12:10:47');
INSERT INTO `author_subject` (`book_id`, `subject_id`, `created_at`, `updated_at`) VALUES (54, 54, '2003-11-27 20:31:29', '1970-04-06 16:39:37');
INSERT INTO `author_subject` (`book_id`, `subject_id`, `created_at`, `updated_at`) VALUES (55, 55, '1990-02-08 05:26:27', '1996-12-14 14:47:47');
INSERT INTO `author_subject` (`book_id`, `subject_id`, `created_at`, `updated_at`) VALUES (56, 56, '2005-09-05 08:33:41', '1979-02-03 07:00:11');
INSERT INTO `author_subject` (`book_id`, `subject_id`, `created_at`, `updated_at`) VALUES (57, 57, '2010-08-21 01:11:34', '1997-07-31 12:50:00');
INSERT INTO `author_subject` (`book_id`, `subject_id`, `created_at`, `updated_at`) VALUES (58, 58, '2014-08-03 02:55:06', '1983-03-13 08:04:14');
INSERT INTO `author_subject` (`book_id`, `subject_id`, `created_at`, `updated_at`) VALUES (59, 59, '2012-11-04 12:01:34', '1992-02-19 14:48:52');
INSERT INTO `author_subject` (`book_id`, `subject_id`, `created_at`, `updated_at`) VALUES (60, 60, '2009-07-21 00:43:25', '1998-07-25 01:00:08');
INSERT INTO `author_subject` (`book_id`, `subject_id`, `created_at`, `updated_at`) VALUES (61, 61, '1973-01-12 06:14:17', '1994-02-05 07:48:11');
INSERT INTO `author_subject` (`book_id`, `subject_id`, `created_at`, `updated_at`) VALUES (62, 62, '2013-06-12 12:27:58', '2006-06-09 14:28:54');
INSERT INTO `author_subject` (`book_id`, `subject_id`, `created_at`, `updated_at`) VALUES (63, 63, '1986-05-03 22:28:24', '1989-05-17 13:10:44');
INSERT INTO `author_subject` (`book_id`, `subject_id`, `created_at`, `updated_at`) VALUES (64, 64, '2012-03-13 14:59:09', '2001-10-01 05:14:23');
INSERT INTO `author_subject` (`book_id`, `subject_id`, `created_at`, `updated_at`) VALUES (65, 65, '2010-07-10 03:24:13', '2014-10-23 11:18:47');
INSERT INTO `author_subject` (`book_id`, `subject_id`, `created_at`, `updated_at`) VALUES (66, 66, '1976-04-11 21:57:01', '1972-05-27 10:48:56');
INSERT INTO `author_subject` (`book_id`, `subject_id`, `created_at`, `updated_at`) VALUES (67, 67, '1971-10-07 20:22:24', '2008-02-28 08:59:52');
INSERT INTO `author_subject` (`book_id`, `subject_id`, `created_at`, `updated_at`) VALUES (68, 68, '1997-02-01 09:57:12', '1984-07-07 11:08:32');
INSERT INTO `author_subject` (`book_id`, `subject_id`, `created_at`, `updated_at`) VALUES (69, 69, '2001-01-20 11:41:56', '2008-07-20 10:28:54');
INSERT INTO `author_subject` (`book_id`, `subject_id`, `created_at`, `updated_at`) VALUES (70, 70, '1980-09-16 16:22:06', '2010-06-17 09:55:06');
INSERT INTO `author_subject` (`book_id`, `subject_id`, `created_at`, `updated_at`) VALUES (71, 71, '2013-10-15 01:03:33', '2016-01-29 07:43:42');
INSERT INTO `author_subject` (`book_id`, `subject_id`, `created_at`, `updated_at`) VALUES (72, 72, '1997-08-30 03:22:25', '2007-08-05 02:17:33');
INSERT INTO `author_subject` (`book_id`, `subject_id`, `created_at`, `updated_at`) VALUES (73, 73, '2014-08-11 11:41:33', '1979-06-30 02:25:01');
INSERT INTO `author_subject` (`book_id`, `subject_id`, `created_at`, `updated_at`) VALUES (74, 74, '1987-01-23 00:33:04', '2001-07-17 00:06:29');
INSERT INTO `author_subject` (`book_id`, `subject_id`, `created_at`, `updated_at`) VALUES (75, 75, '1982-11-03 06:43:00', '2001-07-22 18:09:39');
INSERT INTO `author_subject` (`book_id`, `subject_id`, `created_at`, `updated_at`) VALUES (76, 76, '2001-06-03 11:07:34', '2010-07-08 16:04:24');
INSERT INTO `author_subject` (`book_id`, `subject_id`, `created_at`, `updated_at`) VALUES (77, 77, '1974-03-22 16:30:10', '1997-03-01 09:38:19');
INSERT INTO `author_subject` (`book_id`, `subject_id`, `created_at`, `updated_at`) VALUES (78, 78, '2015-08-02 01:05:47', '2015-02-06 22:47:13');
INSERT INTO `author_subject` (`book_id`, `subject_id`, `created_at`, `updated_at`) VALUES (79, 79, '1980-02-08 18:50:31', '2010-03-16 10:58:32');
INSERT INTO `author_subject` (`book_id`, `subject_id`, `created_at`, `updated_at`) VALUES (80, 80, '2007-07-20 14:20:37', '2005-12-21 02:51:44');
INSERT INTO `author_subject` (`book_id`, `subject_id`, `created_at`, `updated_at`) VALUES (81, 81, '1978-08-07 06:32:39', '1991-08-27 08:49:37');
INSERT INTO `author_subject` (`book_id`, `subject_id`, `created_at`, `updated_at`) VALUES (82, 82, '1994-07-29 23:17:12', '1977-10-05 16:46:10');
INSERT INTO `author_subject` (`book_id`, `subject_id`, `created_at`, `updated_at`) VALUES (83, 83, '1992-10-19 16:31:33', '2015-06-15 19:15:51');
INSERT INTO `author_subject` (`book_id`, `subject_id`, `created_at`, `updated_at`) VALUES (84, 84, '2002-02-15 19:22:49', '1978-07-15 21:42:45');
INSERT INTO `author_subject` (`book_id`, `subject_id`, `created_at`, `updated_at`) VALUES (85, 85, '1977-11-11 03:06:23', '2007-09-19 22:17:32');
INSERT INTO `author_subject` (`book_id`, `subject_id`, `created_at`, `updated_at`) VALUES (86, 86, '2001-10-25 15:46:35', '1975-04-01 12:01:45');
INSERT INTO `author_subject` (`book_id`, `subject_id`, `created_at`, `updated_at`) VALUES (87, 87, '2014-05-23 01:39:15', '2013-02-18 22:02:22');
INSERT INTO `author_subject` (`book_id`, `subject_id`, `created_at`, `updated_at`) VALUES (88, 88, '1980-05-07 12:56:08', '1973-04-11 00:54:28');
INSERT INTO `author_subject` (`book_id`, `subject_id`, `created_at`, `updated_at`) VALUES (89, 89, '1989-08-04 07:09:35', '2004-05-11 21:32:40');
INSERT INTO `author_subject` (`book_id`, `subject_id`, `created_at`, `updated_at`) VALUES (90, 90, '1980-11-17 17:15:44', '1982-06-03 14:34:23');
INSERT INTO `author_subject` (`book_id`, `subject_id`, `created_at`, `updated_at`) VALUES (91, 91, '1976-01-27 04:47:57', '1991-03-21 22:38:46');
INSERT INTO `author_subject` (`book_id`, `subject_id`, `created_at`, `updated_at`) VALUES (92, 92, '2007-02-04 08:46:13', '2015-10-18 03:25:52');
INSERT INTO `author_subject` (`book_id`, `subject_id`, `created_at`, `updated_at`) VALUES (93, 93, '2012-10-30 01:15:31', '2016-03-30 09:43:19');
INSERT INTO `author_subject` (`book_id`, `subject_id`, `created_at`, `updated_at`) VALUES (94, 94, '2005-09-07 21:50:44', '1972-12-16 19:39:15');
INSERT INTO `author_subject` (`book_id`, `subject_id`, `created_at`, `updated_at`) VALUES (95, 95, '2012-05-02 23:07:31', '1983-08-31 08:15:02');
INSERT INTO `author_subject` (`book_id`, `subject_id`, `created_at`, `updated_at`) VALUES (96, 96, '1977-05-24 11:49:33', '1974-06-11 17:09:45');
INSERT INTO `author_subject` (`book_id`, `subject_id`, `created_at`, `updated_at`) VALUES (97, 97, '1991-06-05 03:41:48', '1972-10-26 10:22:41');
INSERT INTO `author_subject` (`book_id`, `subject_id`, `created_at`, `updated_at`) VALUES (98, 98, '1977-06-22 04:55:35', '2003-10-12 11:27:30');
INSERT INTO `author_subject` (`book_id`, `subject_id`, `created_at`, `updated_at`) VALUES (99, 99, '2011-11-25 23:59:18', '2018-02-13 20:26:09');
INSERT INTO `author_subject` (`book_id`, `subject_id`, `created_at`, `updated_at`) VALUES (100, 100, '1993-06-19 10:35:58', '1997-06-10 22:46:32');


#
# TABLE STRUCTURE FOR: authors
#

INSERT INTO `authors` (`id`, `last_name`, `first_name`, `middle_name`, `date_of_birth`, `created_at`, `updated_at`) VALUES (1, 'CUMMINGS', 'ABBEY', 'LOGAN', '1979-07-19', '1996-10-06 20:36:29', '1975-05-12 01:27:36');
INSERT INTO `authors` (`id`, `last_name`, `first_name`, `middle_name`, `date_of_birth`, `created_at`, `updated_at`) VALUES (2, 'JOHNS', 'MICHAEL', 'LUCIO', '2002-08-25', '2014-01-31 16:07:20', '1973-05-01 01:19:26');
INSERT INTO `authors` (`id`, `last_name`, `first_name`, `middle_name`, `date_of_birth`, `created_at`, `updated_at`) VALUES (3, 'MILLS', 'JESS', 'TERRELL', '1982-11-03', '1994-09-16 06:39:45', '1975-01-21 01:05:21');
INSERT INTO `authors` (`id`, `last_name`, `first_name`, `middle_name`, `date_of_birth`, `created_at`, `updated_at`) VALUES (4, 'HAGENES', 'EZRA', 'BRENNAN', '1990-11-14', '2007-06-23 10:03:35', '2010-08-13 03:26:25');
INSERT INTO `authors` (`id`, `last_name`, `first_name`, `middle_name`, `date_of_birth`, `created_at`, `updated_at`) VALUES (5, 'NICOLAS', 'ADELINE', 'ULISES', '2011-08-23', '2011-04-16 09:18:23', '2015-12-27 12:45:31');
INSERT INTO `authors` (`id`, `last_name`, `first_name`, `middle_name`, `date_of_birth`, `created_at`, `updated_at`) VALUES (6, 'REINGER', 'HAZEL', 'DRAKE', '2017-03-16', '1972-09-04 19:01:51', '2002-11-20 08:46:25');
INSERT INTO `authors` (`id`, `last_name`, `first_name`, `middle_name`, `date_of_birth`, `created_at`, `updated_at`) VALUES (7, 'FRIESEN', 'EDGAR', 'HARDY', '2016-01-24', '2019-09-03 09:37:11', '1991-07-04 15:46:50');
INSERT INTO `authors` (`id`, `last_name`, `first_name`, `middle_name`, `date_of_birth`, `created_at`, `updated_at`) VALUES (8, 'FRAMI', 'ALEXIE', 'HILLARD', '2016-03-03', '2018-10-04 21:43:33', '1993-07-08 21:40:50');
INSERT INTO `authors` (`id`, `last_name`, `first_name`, `middle_name`, `date_of_birth`, `created_at`, `updated_at`) VALUES (9, 'FRANECKI', 'MADILYN', 'BERNARDO', '1992-01-26', '2019-07-19 08:37:23', '1985-07-20 14:12:44');
INSERT INTO `authors` (`id`, `last_name`, `first_name`, `middle_name`, `date_of_birth`, `created_at`, `updated_at`) VALUES (10, 'ZEMLAK', 'FILOMENA', 'SCHUYLER', '1999-04-24', '1986-11-16 14:52:40', '1978-10-18 17:24:10');
INSERT INTO `authors` (`id`, `last_name`, `first_name`, `middle_name`, `date_of_birth`, `created_at`, `updated_at`) VALUES (11, 'KOSS', 'DOLORES', 'ALEXANDER', '2007-11-22', '1987-12-15 18:58:29', '1976-04-04 09:51:42');
INSERT INTO `authors` (`id`, `last_name`, `first_name`, `middle_name`, `date_of_birth`, `created_at`, `updated_at`) VALUES (12, 'LUEILWITZ', 'CAMILLA', 'TYSHAWN', '2001-12-12', '2019-01-02 14:03:21', '2017-12-31 23:17:02');
INSERT INTO `authors` (`id`, `last_name`, `first_name`, `middle_name`, `date_of_birth`, `created_at`, `updated_at`) VALUES (13, 'DIETRICH', 'ANAIS', 'REID', '2013-08-18', '2004-01-30 11:34:54', '2001-06-21 19:04:18');
INSERT INTO `authors` (`id`, `last_name`, `first_name`, `middle_name`, `date_of_birth`, `created_at`, `updated_at`) VALUES (14, 'EICHMANN', 'JASPER', 'ROOSEVELT', '1991-11-30', '1993-09-10 21:01:15', '2007-11-28 12:32:25');
INSERT INTO `authors` (`id`, `last_name`, `first_name`, `middle_name`, `date_of_birth`, `created_at`, `updated_at`) VALUES (15, 'MOHR', 'RILEY', 'FURMAN', '2010-09-08', '2016-12-10 06:06:18', '1990-03-15 15:11:31');
INSERT INTO `authors` (`id`, `last_name`, `first_name`, `middle_name`, `date_of_birth`, `created_at`, `updated_at`) VALUES (16, 'BEATTY', 'ANSLEY', 'KALEY', '1973-02-21', '1978-07-13 13:53:56', '1986-11-18 09:49:43');
INSERT INTO `authors` (`id`, `last_name`, `first_name`, `middle_name`, `date_of_birth`, `created_at`, `updated_at`) VALUES (17, 'ZULAUF', 'ARDEN', 'FERMIN', '2005-10-22', '2015-10-14 14:46:49', '2013-04-24 09:14:11');
INSERT INTO `authors` (`id`, `last_name`, `first_name`, `middle_name`, `date_of_birth`, `created_at`, `updated_at`) VALUES (18, 'LESCH', 'ANTONIETTA', 'JOESPH', '2013-10-15', '1977-02-01 10:35:04', '2009-08-11 11:19:17');
INSERT INTO `authors` (`id`, `last_name`, `first_name`, `middle_name`, `date_of_birth`, `created_at`, `updated_at`) VALUES (19, 'HAND', 'LESLIE', 'CEASAR', '1999-01-05', '1995-02-06 11:19:51', '2011-04-12 09:16:08');
INSERT INTO `authors` (`id`, `last_name`, `first_name`, `middle_name`, `date_of_birth`, `created_at`, `updated_at`) VALUES (20, 'CRUICKSHANK', 'TERRANCE', 'ARI', '1985-12-22', '1982-05-31 11:43:49', '2019-07-21 22:39:21');
INSERT INTO `authors` (`id`, `last_name`, `first_name`, `middle_name`, `date_of_birth`, `created_at`, `updated_at`) VALUES (21, 'ROSENBAUM', 'ERNIE', 'TRACE', '1971-05-06', '1989-11-03 13:57:19', '2020-01-06 17:17:20');
INSERT INTO `authors` (`id`, `last_name`, `first_name`, `middle_name`, `date_of_birth`, `created_at`, `updated_at`) VALUES (22, 'AUER', 'LAISHA', 'SHELDON', '2017-09-01', '1980-12-16 08:59:05', '2009-08-09 12:47:05');
INSERT INTO `authors` (`id`, `last_name`, `first_name`, `middle_name`, `date_of_birth`, `created_at`, `updated_at`) VALUES (23, 'SCHUMM', 'LADARIUS', 'LAMAR', '1970-08-12', '1986-03-24 10:01:41', '1971-06-04 23:27:18');
INSERT INTO `authors` (`id`, `last_name`, `first_name`, `middle_name`, `date_of_birth`, `created_at`, `updated_at`) VALUES (24, 'STRACKE', 'EMANUEL', 'RYLAN', '1998-03-11', '1976-12-17 18:12:57', '1989-09-22 00:07:02');
INSERT INTO `authors` (`id`, `last_name`, `first_name`, `middle_name`, `date_of_birth`, `created_at`, `updated_at`) VALUES (25, 'EBERT', 'KEIRA', 'TRYSTAN', '2004-10-15', '2014-09-12 11:56:26', '1971-03-15 01:59:32');
INSERT INTO `authors` (`id`, `last_name`, `first_name`, `middle_name`, `date_of_birth`, `created_at`, `updated_at`) VALUES (26, 'BINS', 'CASSIE', 'ETHAN', '1975-12-01', '1996-06-08 09:00:43', '1982-04-01 23:16:12');
INSERT INTO `authors` (`id`, `last_name`, `first_name`, `middle_name`, `date_of_birth`, `created_at`, `updated_at`) VALUES (27, 'CARTER', 'SONYA', 'GARNET', '1990-12-30', '2020-09-25 23:07:29', '1991-03-18 18:19:18');
INSERT INTO `authors` (`id`, `last_name`, `first_name`, `middle_name`, `date_of_birth`, `created_at`, `updated_at`) VALUES (28, 'DOOLEY', 'DESTANY', 'ELTON', '2011-08-25', '1998-08-12 06:46:27', '1982-07-03 17:01:42');
INSERT INTO `authors` (`id`, `last_name`, `first_name`, `middle_name`, `date_of_birth`, `created_at`, `updated_at`) VALUES (29, 'PAUCEK', 'SYLVIA', 'FABIAN', '1980-09-02', '2008-10-05 13:57:33', '2001-03-22 15:03:42');
INSERT INTO `authors` (`id`, `last_name`, `first_name`, `middle_name`, `date_of_birth`, `created_at`, `updated_at`) VALUES (30, 'BAYER', 'KAMRYN', 'WAINO', '1979-10-25', '1988-09-15 17:59:19', '1998-08-30 13:05:17');
INSERT INTO `authors` (`id`, `last_name`, `first_name`, `middle_name`, `date_of_birth`, `created_at`, `updated_at`) VALUES (31, 'KLING', 'BRENNON', 'JESSIE', '1994-12-09', '1983-05-09 05:13:46', '1992-12-23 12:38:40');
INSERT INTO `authors` (`id`, `last_name`, `first_name`, `middle_name`, `date_of_birth`, `created_at`, `updated_at`) VALUES (32, 'LARKIN', 'SANTINO', 'KACEY', '2021-04-09', '1972-12-12 11:47:36', '1978-12-07 09:03:53');
INSERT INTO `authors` (`id`, `last_name`, `first_name`, `middle_name`, `date_of_birth`, `created_at`, `updated_at`) VALUES (33, 'BOTSFORD', 'LEILANI', 'BRAXTON', '1991-03-25', '2013-06-30 07:37:30', '2011-11-15 13:43:03');
INSERT INTO `authors` (`id`, `last_name`, `first_name`, `middle_name`, `date_of_birth`, `created_at`, `updated_at`) VALUES (34, 'SCHIMMEL', 'LUDWIG', 'BRANDO', '2021-07-08', '1979-08-04 15:21:25', '2014-03-14 16:30:05');
INSERT INTO `authors` (`id`, `last_name`, `first_name`, `middle_name`, `date_of_birth`, `created_at`, `updated_at`) VALUES (35, 'MCGLYNN', 'NEOMA', 'NARCISO', '2016-08-07', '1974-03-19 09:06:16', '1985-11-05 15:08:39');
INSERT INTO `authors` (`id`, `last_name`, `first_name`, `middle_name`, `date_of_birth`, `created_at`, `updated_at`) VALUES (36, 'STIEDEMANN', 'GEO', 'ALEJANDRIN', '1974-02-28', '1983-03-15 14:20:14', '1990-01-07 16:40:48');
INSERT INTO `authors` (`id`, `last_name`, `first_name`, `middle_name`, `date_of_birth`, `created_at`, `updated_at`) VALUES (37, 'HINTZ', 'REYMUNDO', 'ESTEVAN', '2012-05-02', '2015-06-01 15:16:24', '1988-04-07 04:50:40');
INSERT INTO `authors` (`id`, `last_name`, `first_name`, `middle_name`, `date_of_birth`, `created_at`, `updated_at`) VALUES (38, 'SCHOEN', 'LOUVENIA', 'HAROLD', '2012-02-24', '2000-11-26 05:49:08', '1977-02-05 08:04:32');
INSERT INTO `authors` (`id`, `last_name`, `first_name`, `middle_name`, `date_of_birth`, `created_at`, `updated_at`) VALUES (39, 'HOEGER', 'ELLA', 'TRENT', '1984-03-06', '2014-01-27 10:47:22', '1978-02-06 15:01:13');
INSERT INTO `authors` (`id`, `last_name`, `first_name`, `middle_name`, `date_of_birth`, `created_at`, `updated_at`) VALUES (40, 'BREKKE', 'MADELINE', 'JARRETT', '1980-07-13', '1986-10-09 22:47:31', '1976-06-19 23:37:37');
INSERT INTO `authors` (`id`, `last_name`, `first_name`, `middle_name`, `date_of_birth`, `created_at`, `updated_at`) VALUES (41, 'O\'REILLY', 'ALESSANDRA', 'RAHUL', '2007-12-21', '1977-06-08 07:12:58', '1999-02-28 22:46:52');
INSERT INTO `authors` (`id`, `last_name`, `first_name`, `middle_name`, `date_of_birth`, `created_at`, `updated_at`) VALUES (42, 'ERDMAN', 'DEVONTE', 'RAMON', '2002-02-03', '1977-06-27 00:34:01', '1995-07-17 10:05:00');
INSERT INTO `authors` (`id`, `last_name`, `first_name`, `middle_name`, `date_of_birth`, `created_at`, `updated_at`) VALUES (43, 'CARTWRIGHT', 'ERICK', 'BEN', '2019-12-12', '1982-04-24 00:12:36', '2010-12-07 19:25:47');
INSERT INTO `authors` (`id`, `last_name`, `first_name`, `middle_name`, `date_of_birth`, `created_at`, `updated_at`) VALUES (44, 'GLOVER', 'CORY', 'REID', '1993-02-07', '2012-09-28 14:14:43', '2009-06-15 20:54:59');
INSERT INTO `authors` (`id`, `last_name`, `first_name`, `middle_name`, `date_of_birth`, `created_at`, `updated_at`) VALUES (45, 'GIBSON', 'REUBEN', 'WELLINGTON', '1977-11-11', '2002-10-06 18:46:42', '1991-06-22 23:14:36');
INSERT INTO `authors` (`id`, `last_name`, `first_name`, `middle_name`, `date_of_birth`, `created_at`, `updated_at`) VALUES (46, 'ROBERTS', 'BRIELLE', 'TRACE', '1983-04-12', '1994-03-20 13:10:09', '2002-03-24 02:41:14');
INSERT INTO `authors` (`id`, `last_name`, `first_name`, `middle_name`, `date_of_birth`, `created_at`, `updated_at`) VALUES (47, 'DANIEL', 'JACKIE', 'QUENTIN', '2002-04-05', '1990-08-02 03:52:20', '2017-08-14 06:47:02');
INSERT INTO `authors` (`id`, `last_name`, `first_name`, `middle_name`, `date_of_birth`, `created_at`, `updated_at`) VALUES (48, 'STARK', 'JAYLON', 'AMOS', '1970-01-22', '1999-09-08 06:27:02', '1985-11-23 19:29:04');
INSERT INTO `authors` (`id`, `last_name`, `first_name`, `middle_name`, `date_of_birth`, `created_at`, `updated_at`) VALUES (49, 'NADER', 'SOPHIA', 'QUINTON', '1984-11-06', '1975-04-05 14:48:11', '2001-04-14 09:40:48');
INSERT INTO `authors` (`id`, `last_name`, `first_name`, `middle_name`, `date_of_birth`, `created_at`, `updated_at`) VALUES (50, 'BOGAN', 'OVA', 'BURLEY', '2003-12-30', '2015-08-25 19:31:11', '1984-12-21 15:05:04');
INSERT INTO `authors` (`id`, `last_name`, `first_name`, `middle_name`, `date_of_birth`, `created_at`, `updated_at`) VALUES (51, 'KING', 'DERECK', 'REX', '1991-08-03', '2011-01-03 22:35:04', '1992-10-24 02:43:43');
INSERT INTO `authors` (`id`, `last_name`, `first_name`, `middle_name`, `date_of_birth`, `created_at`, `updated_at`) VALUES (52, 'SATTERFIELD', 'ALFREDO', 'ARVEL', '1998-04-23', '1998-09-19 01:26:47', '2000-02-25 00:08:09');
INSERT INTO `authors` (`id`, `last_name`, `first_name`, `middle_name`, `date_of_birth`, `created_at`, `updated_at`) VALUES (53, 'RAYNOR', 'KARLEE', 'TILLMAN', '1972-06-05', '1989-03-09 11:00:21', '1971-04-14 18:17:20');
INSERT INTO `authors` (`id`, `last_name`, `first_name`, `middle_name`, `date_of_birth`, `created_at`, `updated_at`) VALUES (54, 'LANG', 'TIA', 'AFTON', '2020-02-13', '2003-10-13 12:54:10', '1979-04-15 09:02:42');
INSERT INTO `authors` (`id`, `last_name`, `first_name`, `middle_name`, `date_of_birth`, `created_at`, `updated_at`) VALUES (55, 'SAWAYN', 'DELFINA', 'GREYSON', '1976-02-17', '2008-08-27 23:45:33', '1990-07-14 22:59:32');
INSERT INTO `authors` (`id`, `last_name`, `first_name`, `middle_name`, `date_of_birth`, `created_at`, `updated_at`) VALUES (56, 'WOLF', 'ALEXANDRIA', 'MARCELLUS', '1980-02-11', '2007-11-21 14:31:19', '1970-09-27 00:26:16');
INSERT INTO `authors` (`id`, `last_name`, `first_name`, `middle_name`, `date_of_birth`, `created_at`, `updated_at`) VALUES (57, 'MCCULLOUGH', 'GUNNER', 'AYDEN', '1973-12-31', '1995-03-10 21:52:32', '2017-06-15 12:39:38');
INSERT INTO `authors` (`id`, `last_name`, `first_name`, `middle_name`, `date_of_birth`, `created_at`, `updated_at`) VALUES (58, 'WATSICA', 'DONNY', 'CLEMENS', '2018-07-15', '1984-03-21 08:27:57', '2010-09-05 01:12:50');
INSERT INTO `authors` (`id`, `last_name`, `first_name`, `middle_name`, `date_of_birth`, `created_at`, `updated_at`) VALUES (59, 'OLSON', 'KAMERON', 'EVERARDO', '1986-05-30', '1992-09-21 15:38:32', '2016-10-09 02:51:32');
INSERT INTO `authors` (`id`, `last_name`, `first_name`, `middle_name`, `date_of_birth`, `created_at`, `updated_at`) VALUES (60, 'MEDHURST', 'CAMERON', 'CASEY', '2005-04-28', '2007-11-09 07:32:16', '2021-01-07 04:09:22');
INSERT INTO `authors` (`id`, `last_name`, `first_name`, `middle_name`, `date_of_birth`, `created_at`, `updated_at`) VALUES (61, 'AUFDERHAR', 'FLORIDA', 'MARK', '1992-02-20', '1975-01-13 17:13:01', '1974-10-21 21:50:02');
INSERT INTO `authors` (`id`, `last_name`, `first_name`, `middle_name`, `date_of_birth`, `created_at`, `updated_at`) VALUES (62, 'WAELCHI', 'VERNA', 'JALEEL', '2010-02-19', '2002-03-13 18:51:46', '1984-12-11 22:11:29');
INSERT INTO `authors` (`id`, `last_name`, `first_name`, `middle_name`, `date_of_birth`, `created_at`, `updated_at`) VALUES (63, 'LYNCH', 'CAROLANNE', 'ALBIN', '2010-10-01', '1991-02-24 12:19:50', '1995-01-09 17:53:13');
INSERT INTO `authors` (`id`, `last_name`, `first_name`, `middle_name`, `date_of_birth`, `created_at`, `updated_at`) VALUES (64, 'BORER', 'LUTHER', 'CALE', '1985-04-17', '1993-02-06 16:37:23', '1987-03-29 17:46:58');
INSERT INTO `authors` (`id`, `last_name`, `first_name`, `middle_name`, `date_of_birth`, `created_at`, `updated_at`) VALUES (65, 'MITCHELL', 'EDYTHE', 'HUGH', '1970-09-15', '2003-09-13 23:23:23', '2008-10-03 21:18:55');
INSERT INTO `authors` (`id`, `last_name`, `first_name`, `middle_name`, `date_of_birth`, `created_at`, `updated_at`) VALUES (66, 'LAKIN', 'DARIAN', 'NATHANIEL', '1980-12-16', '2009-03-19 13:29:19', '2019-10-11 03:52:49');
INSERT INTO `authors` (`id`, `last_name`, `first_name`, `middle_name`, `date_of_birth`, `created_at`, `updated_at`) VALUES (67, 'QUIGLEY', 'NATALIE', 'BROWN', '1981-11-10', '2001-10-27 07:45:01', '1970-10-19 09:36:12');
INSERT INTO `authors` (`id`, `last_name`, `first_name`, `middle_name`, `date_of_birth`, `created_at`, `updated_at`) VALUES (68, 'WINDLER', 'CLAUDIA', 'KYLER', '1972-08-28', '1990-03-19 03:51:02', '1975-09-05 05:47:48');
INSERT INTO `authors` (`id`, `last_name`, `first_name`, `middle_name`, `date_of_birth`, `created_at`, `updated_at`) VALUES (69, 'BRUEN', 'HAYLEE', 'ANTONIO', '1979-01-17', '1984-08-23 09:59:21', '2000-07-23 16:24:17');
INSERT INTO `authors` (`id`, `last_name`, `first_name`, `middle_name`, `date_of_birth`, `created_at`, `updated_at`) VALUES (70, 'HAMMES', 'IDELLA', 'KESHAWN', '1979-10-22', '1983-12-01 02:25:10', '2011-12-05 00:39:12');
INSERT INTO `authors` (`id`, `last_name`, `first_name`, `middle_name`, `date_of_birth`, `created_at`, `updated_at`) VALUES (71, 'FAY', 'CHADD', 'WILFRED', '2001-12-23', '1993-12-17 05:05:44', '1978-08-13 07:21:26');
INSERT INTO `authors` (`id`, `last_name`, `first_name`, `middle_name`, `date_of_birth`, `created_at`, `updated_at`) VALUES (72, 'WISOKY', 'BLAKE', 'WELLINGTON', '1987-11-17', '1983-01-13 14:58:40', '1977-11-17 17:15:08');
INSERT INTO `authors` (`id`, `last_name`, `first_name`, `middle_name`, `date_of_birth`, `created_at`, `updated_at`) VALUES (73, 'TRANTOW', 'CORTNEY', 'SAIGE', '1984-01-27', '2017-11-16 00:09:40', '2019-01-21 01:03:37');
INSERT INTO `authors` (`id`, `last_name`, `first_name`, `middle_name`, `date_of_birth`, `created_at`, `updated_at`) VALUES (74, 'RATKE', 'ETHELYN', 'MELANY', '1991-01-16', '1977-12-25 16:46:55', '2001-07-23 19:52:30');
INSERT INTO `authors` (`id`, `last_name`, `first_name`, `middle_name`, `date_of_birth`, `created_at`, `updated_at`) VALUES (75, 'MOSCISKI', 'ALAINA', 'FELIPE', '1976-03-14', '1980-01-09 00:47:53', '1997-10-29 03:08:33');
INSERT INTO `authors` (`id`, `last_name`, `first_name`, `middle_name`, `date_of_birth`, `created_at`, `updated_at`) VALUES (76, 'SCHROEDER', 'WARD', 'NARCISO', '1992-04-12', '1979-02-15 15:41:45', '1993-11-09 13:48:30');
INSERT INTO `authors` (`id`, `last_name`, `first_name`, `middle_name`, `date_of_birth`, `created_at`, `updated_at`) VALUES (77, 'WHITE', 'OTTO', 'DONATO', '2018-05-03', '1970-03-15 17:56:36', '1978-10-18 07:17:50');
INSERT INTO `authors` (`id`, `last_name`, `first_name`, `middle_name`, `date_of_birth`, `created_at`, `updated_at`) VALUES (78, 'BAHRINGER', 'KARIANE', 'AMANI', '2018-02-28', '1998-12-21 18:09:09', '2000-11-25 03:46:04');
INSERT INTO `authors` (`id`, `last_name`, `first_name`, `middle_name`, `date_of_birth`, `created_at`, `updated_at`) VALUES (79, 'HUELS', 'ROSALIA', 'JARRELL', '1990-01-14', '1973-06-11 17:24:59', '1995-06-16 10:54:21');
INSERT INTO `authors` (`id`, `last_name`, `first_name`, `middle_name`, `date_of_birth`, `created_at`, `updated_at`) VALUES (80, 'LEANNON', 'REAGAN', 'DONAVON', '1992-08-27', '2017-05-17 15:41:22', '2014-09-25 11:35:47');
INSERT INTO `authors` (`id`, `last_name`, `first_name`, `middle_name`, `date_of_birth`, `created_at`, `updated_at`) VALUES (81, 'JASKOLSKI', 'MYLES', 'MALLORY', '2007-08-13', '2010-03-03 02:48:32', '2010-06-23 07:55:51');
INSERT INTO `authors` (`id`, `last_name`, `first_name`, `middle_name`, `date_of_birth`, `created_at`, `updated_at`) VALUES (82, 'CORWIN', 'AUTUMN', 'NORWOOD', '2000-02-20', '1982-09-30 21:03:15', '1971-07-10 21:13:16');
INSERT INTO `authors` (`id`, `last_name`, `first_name`, `middle_name`, `date_of_birth`, `created_at`, `updated_at`) VALUES (83, 'CRONA', 'AYLA', 'EVAN', '1990-02-25', '1987-06-28 02:57:31', '2017-05-13 07:21:37');
INSERT INTO `authors` (`id`, `last_name`, `first_name`, `middle_name`, `date_of_birth`, `created_at`, `updated_at`) VALUES (84, 'STOKES', 'POLLY', 'CHAIM', '1986-07-03', '1980-01-15 20:52:23', '1982-10-16 00:04:54');
INSERT INTO `authors` (`id`, `last_name`, `first_name`, `middle_name`, `date_of_birth`, `created_at`, `updated_at`) VALUES (85, 'ERNSER', 'OCEANE', 'TYRELL', '2014-01-26', '2004-09-04 08:53:49', '1995-10-25 02:31:21');
INSERT INTO `authors` (`id`, `last_name`, `first_name`, `middle_name`, `date_of_birth`, `created_at`, `updated_at`) VALUES (86, 'TORP', 'AUGUSTA', 'ART', '1993-11-14', '2011-01-31 02:40:50', '2015-02-03 23:09:04');
INSERT INTO `authors` (`id`, `last_name`, `first_name`, `middle_name`, `date_of_birth`, `created_at`, `updated_at`) VALUES (87, 'SAUER', 'WENDELL', 'REILLY', '1987-08-24', '1973-08-05 07:15:23', '1984-10-25 20:54:11');
INSERT INTO `authors` (`id`, `last_name`, `first_name`, `middle_name`, `date_of_birth`, `created_at`, `updated_at`) VALUES (88, 'BARTON', 'MODESTO', 'CLIFFORD', '1971-01-03', '1998-01-27 18:55:46', '1979-08-16 18:35:33');
INSERT INTO `authors` (`id`, `last_name`, `first_name`, `middle_name`, `date_of_birth`, `created_at`, `updated_at`) VALUES (89, 'GUSIKOWSKI', 'FERMIN', 'JENSEN', '1973-06-07', '1990-11-26 13:36:04', '2016-01-02 03:14:54');
INSERT INTO `authors` (`id`, `last_name`, `first_name`, `middle_name`, `date_of_birth`, `created_at`, `updated_at`) VALUES (90, 'BATZ', 'REID', 'TITUS', '1973-04-27', '2005-09-18 07:33:06', '2002-12-30 11:58:42');
INSERT INTO `authors` (`id`, `last_name`, `first_name`, `middle_name`, `date_of_birth`, `created_at`, `updated_at`) VALUES (91, 'NITZSCHE', 'FELTON', 'ERICK', '2012-05-10', '1971-10-09 19:02:13', '2001-07-04 04:24:58');
INSERT INTO `authors` (`id`, `last_name`, `first_name`, `middle_name`, `date_of_birth`, `created_at`, `updated_at`) VALUES (92, 'LEMKE', 'BENNY', 'CANDELARIO', '1995-09-11', '1977-11-23 19:48:44', '1994-03-16 13:38:33');
INSERT INTO `authors` (`id`, `last_name`, `first_name`, `middle_name`, `date_of_birth`, `created_at`, `updated_at`) VALUES (93, 'BAUCH', 'VESTA', 'JAMARCUS', '2020-09-20', '1981-10-31 17:04:02', '2012-03-16 15:16:41');
INSERT INTO `authors` (`id`, `last_name`, `first_name`, `middle_name`, `date_of_birth`, `created_at`, `updated_at`) VALUES (94, 'KUHN', 'HEIDI', 'GARRISON', '1977-11-07', '2014-07-06 16:50:41', '2002-04-29 07:25:48');
INSERT INTO `authors` (`id`, `last_name`, `first_name`, `middle_name`, `date_of_birth`, `created_at`, `updated_at`) VALUES (95, 'MONAHAN', 'TORREY', 'SHAUN', '1982-06-19', '1993-09-07 07:09:08', '1980-02-28 08:32:38');
INSERT INTO `authors` (`id`, `last_name`, `first_name`, `middle_name`, `date_of_birth`, `created_at`, `updated_at`) VALUES (96, 'HEIDENREICH', 'ELIANE', 'SEDRICK', '1979-09-20', '1984-10-23 11:36:28', '2002-08-03 11:13:24');
INSERT INTO `authors` (`id`, `last_name`, `first_name`, `middle_name`, `date_of_birth`, `created_at`, `updated_at`) VALUES (97, 'PARKER', 'STEPHANY', 'KIRK', '1981-04-04', '2009-12-07 19:52:44', '2017-03-30 01:24:35');
INSERT INTO `authors` (`id`, `last_name`, `first_name`, `middle_name`, `date_of_birth`, `created_at`, `updated_at`) VALUES (98, 'DOUGLAS', 'CRISTAL', 'CAMRON', '1996-11-23', '1987-02-02 06:12:28', '2011-09-28 02:11:28');
INSERT INTO `authors` (`id`, `last_name`, `first_name`, `middle_name`, `date_of_birth`, `created_at`, `updated_at`) VALUES (99, 'MUELLER', 'JACINTHE', 'CLAUDE', '1989-12-29', '2002-10-27 03:19:49', '2020-05-31 17:51:23');
INSERT INTO `authors` (`id`, `last_name`, `first_name`, `middle_name`, `date_of_birth`, `created_at`, `updated_at`) VALUES (100, 'WITTING', 'SAMARA', 'NICKLAUS', '1978-09-08', '1977-04-20 10:28:04', '1973-07-30 21:28:10');


#
# TABLE STRUCTURE FOR: book_author
#

INSERT INTO `book_author` (`book_id`, `author_id`, `created_at`, `updated_at`) VALUES (1, 1, '1976-01-17 17:09:19', '2009-07-16 05:50:23');
INSERT INTO `book_author` (`book_id`, `author_id`, `created_at`, `updated_at`) VALUES (2, 2, '1998-07-22 19:27:08', '1981-08-08 13:21:01');
INSERT INTO `book_author` (`book_id`, `author_id`, `created_at`, `updated_at`) VALUES (3, 3, '1992-07-16 08:47:01', '2008-06-01 01:26:52');
INSERT INTO `book_author` (`book_id`, `author_id`, `created_at`, `updated_at`) VALUES (4, 4, '2009-05-04 18:22:11', '1974-01-14 16:19:56');
INSERT INTO `book_author` (`book_id`, `author_id`, `created_at`, `updated_at`) VALUES (5, 5, '1994-07-14 23:38:38', '1991-06-10 14:05:24');
INSERT INTO `book_author` (`book_id`, `author_id`, `created_at`, `updated_at`) VALUES (6, 6, '2011-07-11 23:12:59', '1980-02-02 14:15:23');
INSERT INTO `book_author` (`book_id`, `author_id`, `created_at`, `updated_at`) VALUES (7, 7, '2005-06-16 15:35:40', '1989-09-04 05:27:43');
INSERT INTO `book_author` (`book_id`, `author_id`, `created_at`, `updated_at`) VALUES (8, 8, '1982-06-06 09:11:01', '2019-09-04 12:01:20');
INSERT INTO `book_author` (`book_id`, `author_id`, `created_at`, `updated_at`) VALUES (9, 9, '1987-07-08 04:39:20', '2000-08-17 04:34:21');
INSERT INTO `book_author` (`book_id`, `author_id`, `created_at`, `updated_at`) VALUES (10, 10, '2000-01-17 00:08:41', '2003-09-30 07:10:06');
INSERT INTO `book_author` (`book_id`, `author_id`, `created_at`, `updated_at`) VALUES (11, 11, '2021-06-28 03:42:10', '1974-12-04 22:07:54');
INSERT INTO `book_author` (`book_id`, `author_id`, `created_at`, `updated_at`) VALUES (12, 12, '1974-10-03 21:57:15', '2015-08-31 17:09:59');
INSERT INTO `book_author` (`book_id`, `author_id`, `created_at`, `updated_at`) VALUES (13, 13, '1996-04-16 00:48:13', '1992-04-08 15:21:54');
INSERT INTO `book_author` (`book_id`, `author_id`, `created_at`, `updated_at`) VALUES (14, 14, '1973-06-06 08:34:47', '1999-06-09 06:47:29');
INSERT INTO `book_author` (`book_id`, `author_id`, `created_at`, `updated_at`) VALUES (15, 15, '2020-01-02 14:27:07', '1993-10-06 19:03:12');
INSERT INTO `book_author` (`book_id`, `author_id`, `created_at`, `updated_at`) VALUES (16, 16, '2002-11-13 14:29:04', '1992-02-07 06:22:05');
INSERT INTO `book_author` (`book_id`, `author_id`, `created_at`, `updated_at`) VALUES (17, 17, '2012-04-26 20:43:27', '1983-12-14 07:27:14');
INSERT INTO `book_author` (`book_id`, `author_id`, `created_at`, `updated_at`) VALUES (18, 18, '1975-08-02 23:24:03', '2002-06-15 19:18:24');
INSERT INTO `book_author` (`book_id`, `author_id`, `created_at`, `updated_at`) VALUES (19, 19, '1971-11-25 13:35:20', '2007-12-24 06:13:35');
INSERT INTO `book_author` (`book_id`, `author_id`, `created_at`, `updated_at`) VALUES (20, 20, '1997-09-27 13:20:26', '2002-05-02 21:53:18');
INSERT INTO `book_author` (`book_id`, `author_id`, `created_at`, `updated_at`) VALUES (21, 21, '2021-06-10 03:19:50', '2020-03-01 01:34:22');
INSERT INTO `book_author` (`book_id`, `author_id`, `created_at`, `updated_at`) VALUES (22, 22, '1982-04-19 14:30:53', '1995-04-20 07:41:58');
INSERT INTO `book_author` (`book_id`, `author_id`, `created_at`, `updated_at`) VALUES (23, 23, '1980-09-14 00:55:36', '2017-07-14 19:07:48');
INSERT INTO `book_author` (`book_id`, `author_id`, `created_at`, `updated_at`) VALUES (24, 24, '2004-01-13 23:50:20', '2001-08-24 20:23:12');
INSERT INTO `book_author` (`book_id`, `author_id`, `created_at`, `updated_at`) VALUES (25, 25, '1972-05-31 02:31:53', '1992-07-18 18:03:36');
INSERT INTO `book_author` (`book_id`, `author_id`, `created_at`, `updated_at`) VALUES (26, 26, '1988-06-22 12:07:20', '1985-11-01 17:26:36');
INSERT INTO `book_author` (`book_id`, `author_id`, `created_at`, `updated_at`) VALUES (27, 27, '1990-12-12 21:01:41', '1989-02-19 03:16:05');
INSERT INTO `book_author` (`book_id`, `author_id`, `created_at`, `updated_at`) VALUES (28, 28, '2012-04-23 05:09:22', '2015-05-29 14:52:26');
INSERT INTO `book_author` (`book_id`, `author_id`, `created_at`, `updated_at`) VALUES (29, 29, '1981-07-30 20:48:35', '2008-03-31 02:32:42');
INSERT INTO `book_author` (`book_id`, `author_id`, `created_at`, `updated_at`) VALUES (30, 30, '1997-02-16 08:02:07', '2016-02-02 19:00:01');
INSERT INTO `book_author` (`book_id`, `author_id`, `created_at`, `updated_at`) VALUES (31, 31, '2004-11-16 23:42:34', '2006-06-28 06:05:39');
INSERT INTO `book_author` (`book_id`, `author_id`, `created_at`, `updated_at`) VALUES (32, 32, '1979-07-13 11:41:43', '2016-02-18 03:56:48');
INSERT INTO `book_author` (`book_id`, `author_id`, `created_at`, `updated_at`) VALUES (33, 33, '1974-12-31 04:44:23', '2008-06-16 12:44:32');
INSERT INTO `book_author` (`book_id`, `author_id`, `created_at`, `updated_at`) VALUES (34, 34, '1985-01-24 08:26:29', '1987-11-27 07:22:50');
INSERT INTO `book_author` (`book_id`, `author_id`, `created_at`, `updated_at`) VALUES (35, 35, '1988-05-05 15:17:25', '2004-12-14 09:23:42');
INSERT INTO `book_author` (`book_id`, `author_id`, `created_at`, `updated_at`) VALUES (36, 36, '2013-07-26 06:56:15', '2005-10-25 01:31:04');
INSERT INTO `book_author` (`book_id`, `author_id`, `created_at`, `updated_at`) VALUES (37, 37, '2001-07-25 22:57:35', '1999-09-26 21:19:15');
INSERT INTO `book_author` (`book_id`, `author_id`, `created_at`, `updated_at`) VALUES (38, 38, '2011-11-22 19:46:07', '1983-05-15 23:39:17');
INSERT INTO `book_author` (`book_id`, `author_id`, `created_at`, `updated_at`) VALUES (39, 39, '1985-12-05 20:21:47', '1982-11-10 15:07:55');
INSERT INTO `book_author` (`book_id`, `author_id`, `created_at`, `updated_at`) VALUES (40, 40, '1982-06-27 21:49:45', '2009-03-23 09:12:48');
INSERT INTO `book_author` (`book_id`, `author_id`, `created_at`, `updated_at`) VALUES (41, 41, '1979-10-09 17:02:45', '1987-07-24 00:26:47');
INSERT INTO `book_author` (`book_id`, `author_id`, `created_at`, `updated_at`) VALUES (42, 42, '1978-05-08 21:12:11', '2020-09-12 06:27:37');
INSERT INTO `book_author` (`book_id`, `author_id`, `created_at`, `updated_at`) VALUES (43, 43, '1979-05-29 18:24:38', '1971-09-08 03:39:15');
INSERT INTO `book_author` (`book_id`, `author_id`, `created_at`, `updated_at`) VALUES (44, 44, '1990-03-07 08:15:36', '2021-06-14 18:25:55');
INSERT INTO `book_author` (`book_id`, `author_id`, `created_at`, `updated_at`) VALUES (45, 45, '1975-01-16 19:26:41', '1993-03-11 08:47:13');
INSERT INTO `book_author` (`book_id`, `author_id`, `created_at`, `updated_at`) VALUES (46, 46, '1975-05-13 23:29:08', '1977-07-25 21:46:14');
INSERT INTO `book_author` (`book_id`, `author_id`, `created_at`, `updated_at`) VALUES (47, 47, '2019-05-31 18:37:59', '2011-06-26 05:01:22');
INSERT INTO `book_author` (`book_id`, `author_id`, `created_at`, `updated_at`) VALUES (48, 48, '2003-07-07 17:59:34', '1977-04-03 22:16:40');
INSERT INTO `book_author` (`book_id`, `author_id`, `created_at`, `updated_at`) VALUES (49, 49, '1972-12-15 10:13:36', '2016-11-13 14:00:46');
INSERT INTO `book_author` (`book_id`, `author_id`, `created_at`, `updated_at`) VALUES (50, 50, '1984-02-25 06:44:48', '1983-09-21 23:30:45');
INSERT INTO `book_author` (`book_id`, `author_id`, `created_at`, `updated_at`) VALUES (51, 51, '2010-09-30 07:15:00', '1979-05-29 10:21:00');
INSERT INTO `book_author` (`book_id`, `author_id`, `created_at`, `updated_at`) VALUES (52, 52, '1978-06-19 13:21:40', '2013-02-20 10:02:48');
INSERT INTO `book_author` (`book_id`, `author_id`, `created_at`, `updated_at`) VALUES (53, 53, '1990-01-05 11:32:52', '2012-03-19 21:56:58');
INSERT INTO `book_author` (`book_id`, `author_id`, `created_at`, `updated_at`) VALUES (54, 54, '2004-06-05 09:50:57', '2015-11-05 13:33:41');
INSERT INTO `book_author` (`book_id`, `author_id`, `created_at`, `updated_at`) VALUES (55, 55, '2016-12-24 02:09:00', '1976-12-23 22:57:09');
INSERT INTO `book_author` (`book_id`, `author_id`, `created_at`, `updated_at`) VALUES (56, 56, '1992-02-23 15:26:27', '2008-02-08 19:03:28');
INSERT INTO `book_author` (`book_id`, `author_id`, `created_at`, `updated_at`) VALUES (57, 57, '2003-03-21 05:05:21', '2017-03-09 17:41:23');
INSERT INTO `book_author` (`book_id`, `author_id`, `created_at`, `updated_at`) VALUES (58, 58, '2017-01-13 22:34:06', '2009-04-06 17:55:50');
INSERT INTO `book_author` (`book_id`, `author_id`, `created_at`, `updated_at`) VALUES (59, 59, '2019-03-06 19:17:34', '1988-03-15 22:40:32');
INSERT INTO `book_author` (`book_id`, `author_id`, `created_at`, `updated_at`) VALUES (60, 60, '1989-03-02 10:42:12', '2008-05-21 02:23:06');
INSERT INTO `book_author` (`book_id`, `author_id`, `created_at`, `updated_at`) VALUES (61, 61, '2004-03-12 15:03:01', '1989-12-11 04:59:00');
INSERT INTO `book_author` (`book_id`, `author_id`, `created_at`, `updated_at`) VALUES (62, 62, '2020-06-06 07:58:07', '1983-01-31 16:01:27');
INSERT INTO `book_author` (`book_id`, `author_id`, `created_at`, `updated_at`) VALUES (63, 63, '1999-04-16 03:00:27', '2003-11-05 00:37:06');
INSERT INTO `book_author` (`book_id`, `author_id`, `created_at`, `updated_at`) VALUES (64, 64, '2018-05-05 20:55:13', '2008-04-26 11:33:00');
INSERT INTO `book_author` (`book_id`, `author_id`, `created_at`, `updated_at`) VALUES (65, 65, '2008-09-05 03:56:28', '1972-09-16 18:55:34');
INSERT INTO `book_author` (`book_id`, `author_id`, `created_at`, `updated_at`) VALUES (66, 66, '1994-04-18 05:51:55', '2013-08-08 02:57:32');
INSERT INTO `book_author` (`book_id`, `author_id`, `created_at`, `updated_at`) VALUES (67, 67, '1991-12-20 16:05:49', '2014-11-04 00:28:36');
INSERT INTO `book_author` (`book_id`, `author_id`, `created_at`, `updated_at`) VALUES (68, 68, '2005-05-27 12:46:39', '1971-12-23 13:47:32');
INSERT INTO `book_author` (`book_id`, `author_id`, `created_at`, `updated_at`) VALUES (69, 69, '2014-02-16 02:00:19', '2006-07-10 05:18:00');
INSERT INTO `book_author` (`book_id`, `author_id`, `created_at`, `updated_at`) VALUES (70, 70, '2004-01-18 23:37:55', '1990-07-03 16:46:57');
INSERT INTO `book_author` (`book_id`, `author_id`, `created_at`, `updated_at`) VALUES (71, 71, '2008-10-22 17:58:44', '2003-04-28 21:12:41');
INSERT INTO `book_author` (`book_id`, `author_id`, `created_at`, `updated_at`) VALUES (72, 72, '2018-04-11 12:57:50', '2014-09-21 08:46:53');
INSERT INTO `book_author` (`book_id`, `author_id`, `created_at`, `updated_at`) VALUES (73, 73, '1977-10-17 11:33:03', '2014-11-17 04:02:49');
INSERT INTO `book_author` (`book_id`, `author_id`, `created_at`, `updated_at`) VALUES (74, 74, '2009-07-29 05:32:39', '1974-08-29 17:34:17');
INSERT INTO `book_author` (`book_id`, `author_id`, `created_at`, `updated_at`) VALUES (75, 75, '2004-03-22 14:42:34', '2018-05-27 04:45:38');
INSERT INTO `book_author` (`book_id`, `author_id`, `created_at`, `updated_at`) VALUES (76, 76, '1975-11-06 15:13:44', '1973-03-20 07:56:55');
INSERT INTO `book_author` (`book_id`, `author_id`, `created_at`, `updated_at`) VALUES (77, 77, '1977-02-28 23:00:45', '1981-01-21 01:21:20');
INSERT INTO `book_author` (`book_id`, `author_id`, `created_at`, `updated_at`) VALUES (78, 78, '1987-09-15 04:52:37', '1974-07-04 16:56:50');
INSERT INTO `book_author` (`book_id`, `author_id`, `created_at`, `updated_at`) VALUES (79, 79, '2005-05-20 15:08:40', '2010-06-24 23:29:26');
INSERT INTO `book_author` (`book_id`, `author_id`, `created_at`, `updated_at`) VALUES (80, 80, '2002-03-12 20:51:44', '1976-04-27 04:58:13');
INSERT INTO `book_author` (`book_id`, `author_id`, `created_at`, `updated_at`) VALUES (81, 81, '2004-04-24 04:41:04', '1970-04-16 05:25:53');
INSERT INTO `book_author` (`book_id`, `author_id`, `created_at`, `updated_at`) VALUES (82, 82, '1977-10-08 02:48:25', '1974-02-09 13:39:07');
INSERT INTO `book_author` (`book_id`, `author_id`, `created_at`, `updated_at`) VALUES (83, 83, '1973-03-22 05:02:00', '2014-01-10 08:07:35');
INSERT INTO `book_author` (`book_id`, `author_id`, `created_at`, `updated_at`) VALUES (84, 84, '1984-03-05 23:30:42', '1990-09-13 13:30:18');
INSERT INTO `book_author` (`book_id`, `author_id`, `created_at`, `updated_at`) VALUES (85, 85, '2016-01-02 14:04:52', '1984-04-19 06:08:02');
INSERT INTO `book_author` (`book_id`, `author_id`, `created_at`, `updated_at`) VALUES (86, 86, '1998-02-06 14:29:55', '1971-03-09 01:12:05');
INSERT INTO `book_author` (`book_id`, `author_id`, `created_at`, `updated_at`) VALUES (87, 87, '1979-04-21 19:39:08', '1988-09-03 05:33:47');
INSERT INTO `book_author` (`book_id`, `author_id`, `created_at`, `updated_at`) VALUES (88, 88, '1997-11-23 20:41:25', '1989-09-19 16:53:58');
INSERT INTO `book_author` (`book_id`, `author_id`, `created_at`, `updated_at`) VALUES (89, 89, '1998-07-02 18:46:04', '1994-10-27 05:07:53');
INSERT INTO `book_author` (`book_id`, `author_id`, `created_at`, `updated_at`) VALUES (90, 90, '2020-02-15 17:00:58', '2005-07-03 14:47:17');
INSERT INTO `book_author` (`book_id`, `author_id`, `created_at`, `updated_at`) VALUES (91, 91, '1996-07-12 05:06:23', '2019-10-02 21:27:47');
INSERT INTO `book_author` (`book_id`, `author_id`, `created_at`, `updated_at`) VALUES (92, 92, '2013-09-18 14:17:46', '1997-08-13 19:29:14');
INSERT INTO `book_author` (`book_id`, `author_id`, `created_at`, `updated_at`) VALUES (93, 93, '2003-07-19 13:43:14', '2004-03-07 20:12:28');
INSERT INTO `book_author` (`book_id`, `author_id`, `created_at`, `updated_at`) VALUES (94, 94, '1996-06-15 07:22:41', '2019-08-25 20:44:52');
INSERT INTO `book_author` (`book_id`, `author_id`, `created_at`, `updated_at`) VALUES (95, 95, '2018-05-25 07:30:41', '1975-06-15 10:50:51');
INSERT INTO `book_author` (`book_id`, `author_id`, `created_at`, `updated_at`) VALUES (96, 96, '2008-06-16 07:59:09', '1996-09-27 16:51:21');
INSERT INTO `book_author` (`book_id`, `author_id`, `created_at`, `updated_at`) VALUES (97, 97, '2013-11-14 15:42:32', '2003-10-21 11:47:53');
INSERT INTO `book_author` (`book_id`, `author_id`, `created_at`, `updated_at`) VALUES (98, 98, '2000-10-15 12:57:29', '1978-10-04 15:08:43');
INSERT INTO `book_author` (`book_id`, `author_id`, `created_at`, `updated_at`) VALUES (99, 99, '2015-06-09 03:41:14', '1971-09-06 10:57:14');
INSERT INTO `book_author` (`book_id`, `author_id`, `created_at`, `updated_at`) VALUES (100, 100, '2000-10-18 10:15:20', '1974-02-06 12:06:54');


#
# TABLE STRUCTURE FOR: books
#

INSERT INTO `books` (`id`, `title`, `created_at`, `updated_at`) VALUES (1, 'OFFICIIS DOLORES CONSEQUUNTUR RECUSANDAE ATQUE NECESSITATIBUS LAUDANTIUM.', '2008-06-03 08:45:05', '1977-02-12 17:28:57');
INSERT INTO `books` (`id`, `title`, `created_at`, `updated_at`) VALUES (2, 'CULPA PLACEAT QUIBUSDAM AUTEM CONSEQUATUR BLANDITIIS.', '1993-03-27 09:28:13', '1981-02-18 05:25:31');
INSERT INTO `books` (`id`, `title`, `created_at`, `updated_at`) VALUES (3, 'IPSUM DOLOREM REPREHENDERIT MINIMA DOLORIBUS.', '2003-10-26 13:54:52', '2012-12-17 07:21:41');
INSERT INTO `books` (`id`, `title`, `created_at`, `updated_at`) VALUES (4, 'EXERCITATIONEM EX SIT RATIONE ILLO.', '1981-06-23 12:21:27', '2005-05-03 13:05:43');
INSERT INTO `books` (`id`, `title`, `created_at`, `updated_at`) VALUES (5, 'SUNT ESSE CUPIDITATE CONSEQUUNTUR IN HIC ILLUM LABORIOSAM.', '1972-12-09 08:45:47', '1970-04-06 22:47:41');
INSERT INTO `books` (`id`, `title`, `created_at`, `updated_at`) VALUES (6, 'VOLUPTATE FACILIS SUNT VEL VERO DOLORE.', '2008-08-08 01:00:36', '2011-08-07 01:35:18');
INSERT INTO `books` (`id`, `title`, `created_at`, `updated_at`) VALUES (7, 'ALIAS ENIM QUIA UT RECUSANDAE VITAE EOS COMMODI.', '2004-09-01 12:18:25', '1999-10-14 06:17:10');
INSERT INTO `books` (`id`, `title`, `created_at`, `updated_at`) VALUES (8, 'RERUM SAEPE EARUM ET ODIO.', '2019-02-11 10:23:30', '1976-01-17 20:07:59');
INSERT INTO `books` (`id`, `title`, `created_at`, `updated_at`) VALUES (9, 'DESERUNT VOLUPTATES EA QUIA MOLESTIAE EAQUE.', '2003-09-30 22:36:23', '2020-10-29 05:10:21');
INSERT INTO `books` (`id`, `title`, `created_at`, `updated_at`) VALUES (10, 'CORRUPTI CORPORIS RECUSANDAE MOLESTIAE IN EIUS ET REM.', '2005-02-18 10:31:02', '1975-01-03 12:39:01');
INSERT INTO `books` (`id`, `title`, `created_at`, `updated_at`) VALUES (11, 'QUO EXPEDITA ET NUMQUAM PLACEAT NON MINIMA SOLUTA DOLORIBUS.', '1986-10-14 15:07:29', '1978-11-11 13:45:55');
INSERT INTO `books` (`id`, `title`, `created_at`, `updated_at`) VALUES (12, 'QUI ET NIHIL DIGNISSIMOS EAQUE EXCEPTURI.', '1982-10-14 13:04:52', '2010-01-03 20:49:53');
INSERT INTO `books` (`id`, `title`, `created_at`, `updated_at`) VALUES (13, 'SIMILIQUE ET ACCUSAMUS QUIA ET ET IN CONSEQUATUR.', '2001-01-27 23:31:58', '2018-06-20 07:33:45');
INSERT INTO `books` (`id`, `title`, `created_at`, `updated_at`) VALUES (14, 'DOLORES QUO ODIO MOLESTIAS.', '1997-05-05 04:28:08', '1970-12-04 02:25:07');
INSERT INTO `books` (`id`, `title`, `created_at`, `updated_at`) VALUES (15, 'UT QUIS DOLORES FUGIAT QUASI SED ID PRAESENTIUM.', '1995-01-10 22:11:38', '1996-09-16 12:20:47');
INSERT INTO `books` (`id`, `title`, `created_at`, `updated_at`) VALUES (16, 'UT LABORIOSAM PERFERENDIS ET OFFICIIS PRAESENTIUM OMNIS MAGNI.', '1979-09-28 06:28:14', '1985-07-13 06:06:53');
INSERT INTO `books` (`id`, `title`, `created_at`, `updated_at`) VALUES (17, 'ET EST CORPORIS ASSUMENDA ET.', '2005-08-03 04:11:14', '1979-05-21 18:12:10');
INSERT INTO `books` (`id`, `title`, `created_at`, `updated_at`) VALUES (18, 'FUGIAT QUI FACERE CONSEQUATUR ARCHITECTO VERO NATUS PARIATUR ET.', '2006-08-31 12:45:43', '2009-12-08 18:17:57');
INSERT INTO `books` (`id`, `title`, `created_at`, `updated_at`) VALUES (19, 'PRAESENTIUM IN LAUDANTIUM EXERCITATIONEM ULLAM VEL.', '1998-03-01 21:32:18', '1987-11-03 11:34:05');
INSERT INTO `books` (`id`, `title`, `created_at`, `updated_at`) VALUES (20, 'VOLUPTATE AUTEM QUAERAT DUCIMUS AMET TENETUR.', '2013-07-20 17:51:48', '1993-05-04 18:12:45');
INSERT INTO `books` (`id`, `title`, `created_at`, `updated_at`) VALUES (21, 'REPREHENDERIT BEATAE ET SINT BEATAE EA AUT.', '1981-03-15 05:56:26', '1992-07-31 10:43:46');
INSERT INTO `books` (`id`, `title`, `created_at`, `updated_at`) VALUES (22, 'ACCUSANTIUM AMET AUTEM NECESSITATIBUS.', '1976-07-14 22:11:02', '1982-04-20 10:01:03');
INSERT INTO `books` (`id`, `title`, `created_at`, `updated_at`) VALUES (23, 'NUMQUAM VOLUPTATEM RECUSANDAE VOLUPTATEM EXPEDITA.', '1996-02-01 00:42:31', '2017-03-02 20:58:11');
INSERT INTO `books` (`id`, `title`, `created_at`, `updated_at`) VALUES (24, 'RERUM ET MOLESTIAS REPELLENDUS EOS QUIDEM.', '1980-04-10 06:22:09', '2017-02-25 16:48:32');
INSERT INTO `books` (`id`, `title`, `created_at`, `updated_at`) VALUES (25, 'QUIS CULPA EXERCITATIONEM OMNIS NAM LAUDANTIUM IN.', '1993-07-19 19:57:59', '1977-07-14 04:17:54');
INSERT INTO `books` (`id`, `title`, `created_at`, `updated_at`) VALUES (26, 'DELECTUS EST CUM UT NON LABORE AUT VOLUPTATE MOLLITIA.', '1974-06-22 03:45:36', '2001-03-11 10:56:25');
INSERT INTO `books` (`id`, `title`, `created_at`, `updated_at`) VALUES (27, 'IURE NUMQUAM REPREHENDERIT AMET QUI.', '1978-11-16 05:21:04', '1992-11-06 13:41:34');
INSERT INTO `books` (`id`, `title`, `created_at`, `updated_at`) VALUES (28, 'EX SAEPE CONSECTETUR DISTINCTIO.', '1998-02-14 09:52:34', '1993-07-09 23:43:28');
INSERT INTO `books` (`id`, `title`, `created_at`, `updated_at`) VALUES (29, 'ET DEBITIS ANIMI LIBERO SED.', '2013-03-03 16:34:51', '2007-08-21 20:07:24');
INSERT INTO `books` (`id`, `title`, `created_at`, `updated_at`) VALUES (30, 'SAEPE ID QUI QUASI ESSE NESCIUNT SINT.', '2008-02-10 03:05:33', '1979-02-23 08:52:58');
INSERT INTO `books` (`id`, `title`, `created_at`, `updated_at`) VALUES (31, 'DELECTUS SIT ALIQUID QUISQUAM AUTEM.', '1970-07-16 06:34:54', '1972-05-18 22:52:09');
INSERT INTO `books` (`id`, `title`, `created_at`, `updated_at`) VALUES (32, 'NIHIL APERIAM MINUS UNDE SIT PORRO IUSTO.', '1979-04-23 22:21:41', '2021-05-12 23:00:53');
INSERT INTO `books` (`id`, `title`, `created_at`, `updated_at`) VALUES (33, 'DOLORIBUS SOLUTA CONSEQUATUR DOLORE FUGIAT.', '2009-02-12 04:48:12', '1996-04-28 18:54:51');
INSERT INTO `books` (`id`, `title`, `created_at`, `updated_at`) VALUES (34, 'OPTIO VOLUPTATEM QUIS DOLOREM MAGNAM NON.', '1978-10-09 02:22:29', '1972-04-02 00:56:13');
INSERT INTO `books` (`id`, `title`, `created_at`, `updated_at`) VALUES (35, 'RERUM NUMQUAM ET NIHIL OCCAECATI.', '2003-09-24 20:05:44', '2002-06-17 05:51:03');
INSERT INTO `books` (`id`, `title`, `created_at`, `updated_at`) VALUES (36, 'ILLO ESSE UT IPSAM OFFICIA.', '1988-10-29 15:27:57', '1979-09-08 10:51:13');
INSERT INTO `books` (`id`, `title`, `created_at`, `updated_at`) VALUES (37, 'IPSAM QUI UNDE EXERCITATIONEM ASPERNATUR TEMPORE ET QUOS.', '2020-01-22 02:26:01', '2007-11-02 23:22:08');
INSERT INTO `books` (`id`, `title`, `created_at`, `updated_at`) VALUES (38, 'NIHIL NUMQUAM VEL NON.', '1998-01-13 13:40:07', '1999-04-28 14:54:28');
INSERT INTO `books` (`id`, `title`, `created_at`, `updated_at`) VALUES (39, 'MAIORES PERSPICIATIS MODI QUISQUAM VOLUPTAS QUI.', '1982-10-15 00:17:56', '2008-11-23 09:57:19');
INSERT INTO `books` (`id`, `title`, `created_at`, `updated_at`) VALUES (40, 'QUI LABORUM CULPA AUT ET.', '1979-12-13 13:52:31', '2015-12-29 18:49:06');
INSERT INTO `books` (`id`, `title`, `created_at`, `updated_at`) VALUES (41, 'SAEPE DOLOREM MAXIME MINUS ET ASPERIORES PERSPICIATIS SIT.', '2012-10-30 01:15:37', '2017-08-18 09:00:11');
INSERT INTO `books` (`id`, `title`, `created_at`, `updated_at`) VALUES (42, 'SAPIENTE EUM VOLUPTAS MOLLITIA.', '2019-06-16 19:07:26', '1994-06-07 04:46:10');
INSERT INTO `books` (`id`, `title`, `created_at`, `updated_at`) VALUES (43, 'SED PARIATUR CUPIDITATE QUI NOSTRUM SED DELECTUS.', '2011-01-21 09:26:06', '2005-06-23 17:27:37');
INSERT INTO `books` (`id`, `title`, `created_at`, `updated_at`) VALUES (44, 'MAXIME IPSUM IN ET FUGA QUAS NAM BEATAE.', '2016-10-09 07:52:33', '1990-04-15 17:59:40');
INSERT INTO `books` (`id`, `title`, `created_at`, `updated_at`) VALUES (45, 'DELENITI EST RERUM ASPERIORES QUI COMMODI RATIONE QUI SIT.', '1993-09-16 15:06:08', '1985-06-30 07:54:19');
INSERT INTO `books` (`id`, `title`, `created_at`, `updated_at`) VALUES (46, 'ALIAS AUT VOLUPTAS UNDE CONSECTETUR AUT ULLAM DOLORES.', '1970-02-15 06:18:41', '2010-08-01 09:36:31');
INSERT INTO `books` (`id`, `title`, `created_at`, `updated_at`) VALUES (47, 'ET QUIA NECESSITATIBUS IPSAM AUT.', '1979-08-24 03:06:25', '2007-09-29 11:44:23');
INSERT INTO `books` (`id`, `title`, `created_at`, `updated_at`) VALUES (48, 'EST AUT UT UT PERFERENDIS MODI ALIQUID QUI.', '1984-01-17 18:07:23', '1973-09-13 11:57:11');
INSERT INTO `books` (`id`, `title`, `created_at`, `updated_at`) VALUES (49, 'UT QUOD BLANDITIIS REM ATQUE QUI.', '1995-09-16 12:50:36', '2018-12-20 10:37:55');
INSERT INTO `books` (`id`, `title`, `created_at`, `updated_at`) VALUES (50, 'BLANDITIIS OFFICIIS DOLOREM AUT LIBERO.', '2003-06-03 14:22:51', '2000-03-05 04:18:37');
INSERT INTO `books` (`id`, `title`, `created_at`, `updated_at`) VALUES (51, 'VOLUPTATUM DOLOR MOLESTIAS ET ENIM.', '1987-09-06 08:41:31', '1988-08-27 01:16:49');
INSERT INTO `books` (`id`, `title`, `created_at`, `updated_at`) VALUES (52, 'SUSCIPIT AUT QUIDEM QUIA ODIT.', '1980-12-13 13:24:19', '1998-12-20 06:25:02');
INSERT INTO `books` (`id`, `title`, `created_at`, `updated_at`) VALUES (53, 'IUSTO QUOD HIC ISTE VOLUPTATEM.', '1975-01-13 11:58:20', '1979-11-26 16:02:28');
INSERT INTO `books` (`id`, `title`, `created_at`, `updated_at`) VALUES (54, 'ILLO RERUM UT TENETUR BEATAE NIHIL.', '2019-10-02 13:26:14', '1989-01-03 11:14:39');
INSERT INTO `books` (`id`, `title`, `created_at`, `updated_at`) VALUES (55, 'AD AUT UT TENETUR VEL NIHIL.', '1997-09-26 03:56:42', '1980-08-06 05:29:32');
INSERT INTO `books` (`id`, `title`, `created_at`, `updated_at`) VALUES (56, 'EX CUPIDITATE UT VEL ULLAM MODI EXPEDITA.', '1991-04-06 06:47:40', '2004-12-31 07:35:09');
INSERT INTO `books` (`id`, `title`, `created_at`, `updated_at`) VALUES (57, 'FUGIAT IN IN DELECTUS VOLUPTATUM ODIT QUI ET NESCIUNT.', '2013-09-26 07:29:28', '2002-06-09 19:15:16');
INSERT INTO `books` (`id`, `title`, `created_at`, `updated_at`) VALUES (58, 'EST DOLOREMQUE IPSUM VOLUPTATIBUS PROVIDENT NULLA DOLOREMQUE SED.', '1974-06-18 10:58:57', '2000-06-24 15:12:35');
INSERT INTO `books` (`id`, `title`, `created_at`, `updated_at`) VALUES (59, 'IUSTO IN SOLUTA OMNIS BLANDITIIS.', '1993-04-19 01:41:37', '1984-08-07 04:22:21');
INSERT INTO `books` (`id`, `title`, `created_at`, `updated_at`) VALUES (60, 'VOLUPTAS PROVIDENT DOLORES EST IN QUAM MAGNAM FACILIS.', '1987-02-07 10:20:06', '1983-07-03 06:06:46');
INSERT INTO `books` (`id`, `title`, `created_at`, `updated_at`) VALUES (61, 'MINIMA QUISQUAM IPSUM QUIDEM EST SUNT.', '2018-11-22 19:58:55', '2019-03-31 12:46:52');
INSERT INTO `books` (`id`, `title`, `created_at`, `updated_at`) VALUES (62, 'MOLESTIAS AB POSSIMUS ARCHITECTO LIBERO SINT FACILIS.', '2013-01-11 04:12:32', '1992-07-19 21:42:21');
INSERT INTO `books` (`id`, `title`, `created_at`, `updated_at`) VALUES (63, 'REPREHENDERIT UT PERFERENDIS DICTA DESERUNT ASPERIORES.', '2008-12-13 06:12:47', '2016-01-14 03:24:33');
INSERT INTO `books` (`id`, `title`, `created_at`, `updated_at`) VALUES (64, 'UT FACERE EIUS QUI QUOS MODI ET.', '1987-03-14 01:16:04', '1997-04-12 23:02:49');
INSERT INTO `books` (`id`, `title`, `created_at`, `updated_at`) VALUES (65, 'MOLESTIAE OMNIS EXERCITATIONEM TOTAM SOLUTA DOLOREMQUE QUIA PLACEAT ACCUSANTIUM.', '1995-04-26 04:22:43', '1977-08-03 12:47:04');
INSERT INTO `books` (`id`, `title`, `created_at`, `updated_at`) VALUES (66, 'QUOS NUMQUAM EST REPUDIANDAE DOLOREM VOLUPTAS VITAE.', '2000-05-24 19:11:26', '1972-09-23 07:46:57');
INSERT INTO `books` (`id`, `title`, `created_at`, `updated_at`) VALUES (67, 'AB IUSTO MAIORES EOS REPELLAT QUIBUSDAM FUGIAT.', '1976-02-25 10:33:23', '2017-04-10 10:30:48');
INSERT INTO `books` (`id`, `title`, `created_at`, `updated_at`) VALUES (68, 'TEMPORE A REPUDIANDAE EXPEDITA CUPIDITATE.', '1978-03-28 08:37:46', '1999-04-08 18:58:18');
INSERT INTO `books` (`id`, `title`, `created_at`, `updated_at`) VALUES (69, 'ID MOLESTIAS ET VOLUPTAS VEL.', '2011-02-13 14:05:52', '1986-11-01 17:18:25');
INSERT INTO `books` (`id`, `title`, `created_at`, `updated_at`) VALUES (70, 'MINUS ASPERIORES SIT VENIAM VOLUPTATEM.', '1977-04-15 10:26:52', '1984-02-25 18:40:44');
INSERT INTO `books` (`id`, `title`, `created_at`, `updated_at`) VALUES (71, 'PERFERENDIS QUI MINIMA NOSTRUM AB QUIS EAQUE SINT VENIAM.', '2005-10-22 11:21:04', '2018-07-18 01:02:48');
INSERT INTO `books` (`id`, `title`, `created_at`, `updated_at`) VALUES (72, 'CUPIDITATE OFFICIIS DOLORIBUS EOS NULLA AT TENETUR ODIT QUAE.', '1995-01-12 18:35:54', '2013-11-21 12:35:55');
INSERT INTO `books` (`id`, `title`, `created_at`, `updated_at`) VALUES (73, 'OMNIS ISTE OCCAECATI QUIA QUIA.', '2008-03-21 23:03:24', '2011-12-23 00:06:39');
INSERT INTO `books` (`id`, `title`, `created_at`, `updated_at`) VALUES (74, 'AUT EARUM VOLUPTATIBUS AB TEMPORE.', '1985-08-13 21:05:09', '1994-12-11 23:19:40');
INSERT INTO `books` (`id`, `title`, `created_at`, `updated_at`) VALUES (75, 'CONSEQUATUR VOLUPTATEM NON VOLUPTATE QUI REM.', '1974-10-11 18:08:12', '2014-04-23 21:32:19');
INSERT INTO `books` (`id`, `title`, `created_at`, `updated_at`) VALUES (76, 'ET UT EX QUAM EST VOLUPTAS EOS.', '2014-02-13 06:54:13', '1973-12-22 09:42:47');
INSERT INTO `books` (`id`, `title`, `created_at`, `updated_at`) VALUES (77, 'PLACEAT OMNIS PARIATUR ET MOLESTIAS MOLESTIAS MAIORES.', '1992-04-18 00:32:49', '2018-05-01 17:01:38');
INSERT INTO `books` (`id`, `title`, `created_at`, `updated_at`) VALUES (78, 'MAGNAM OMNIS LABORIOSAM AUTEM NOBIS MAIORES SUNT VERO.', '2009-06-19 15:32:20', '1976-10-11 06:37:58');
INSERT INTO `books` (`id`, `title`, `created_at`, `updated_at`) VALUES (79, 'ASPERNATUR ODIT VOLUPTAS IMPEDIT NON.', '1977-12-15 22:13:52', '2013-10-23 01:54:33');
INSERT INTO `books` (`id`, `title`, `created_at`, `updated_at`) VALUES (80, 'MAXIME SIT EXPLICABO EOS SIT RATIONE MOLESTIAS ULLAM.', '1988-02-15 01:11:36', '2019-05-26 03:37:04');
INSERT INTO `books` (`id`, `title`, `created_at`, `updated_at`) VALUES (81, 'SOLUTA VOLUPTATE SUSCIPIT ET.', '1992-03-25 21:07:02', '2008-03-04 12:30:07');
INSERT INTO `books` (`id`, `title`, `created_at`, `updated_at`) VALUES (82, 'TENETUR SIT IUSTO DOLOR.', '2015-11-28 06:04:04', '2000-07-23 21:46:17');
INSERT INTO `books` (`id`, `title`, `created_at`, `updated_at`) VALUES (83, 'ET ENIM PRAESENTIUM EXERCITATIONEM.', '1979-04-22 14:27:05', '1977-06-28 20:11:26');
INSERT INTO `books` (`id`, `title`, `created_at`, `updated_at`) VALUES (84, 'ESSE RECUSANDAE ET ANIMI ET SIMILIQUE.', '1979-06-22 13:06:09', '2007-03-28 13:18:10');
INSERT INTO `books` (`id`, `title`, `created_at`, `updated_at`) VALUES (85, 'AMET IPSA VOLUPTATES ENIM ERROR CONSEQUATUR AD VELIT.', '2011-06-28 14:56:18', '2016-08-30 11:47:52');
INSERT INTO `books` (`id`, `title`, `created_at`, `updated_at`) VALUES (86, 'QUASI DOLOREMQUE ULLAM ENIM QUI CUPIDITATE OMNIS.', '2010-08-18 12:31:20', '2001-09-08 05:49:40');
INSERT INTO `books` (`id`, `title`, `created_at`, `updated_at`) VALUES (87, 'ODIT MINIMA REPELLAT ISTE DELENITI APERIAM SUNT.', '2021-07-31 12:37:15', '1972-08-19 02:06:42');
INSERT INTO `books` (`id`, `title`, `created_at`, `updated_at`) VALUES (88, 'EIUS OMNIS EST VELIT.', '1989-12-14 16:22:45', '2017-05-12 12:17:30');
INSERT INTO `books` (`id`, `title`, `created_at`, `updated_at`) VALUES (89, 'EST UNDE VOLUPTATEM DELENITI NON EUM EVENIET.', '1984-06-27 08:27:51', '2012-02-05 16:42:04');
INSERT INTO `books` (`id`, `title`, `created_at`, `updated_at`) VALUES (90, 'NULLA QUIA INCIDUNT CONSEQUATUR IN PRAESENTIUM.', '2000-02-07 23:25:25', '1987-11-23 18:03:33');
INSERT INTO `books` (`id`, `title`, `created_at`, `updated_at`) VALUES (91, 'CONSEQUATUR VOLUPTAS PLACEAT UT OFFICIA QUI AUTEM.', '1979-06-11 08:57:00', '1971-09-07 17:33:03');
INSERT INTO `books` (`id`, `title`, `created_at`, `updated_at`) VALUES (92, 'MAXIME QUI EOS DUCIMUS ALIAS ESSE DUCIMUS DICTA.', '1978-11-05 06:17:19', '1972-02-17 09:59:03');
INSERT INTO `books` (`id`, `title`, `created_at`, `updated_at`) VALUES (93, 'DOLOREM VELIT VOLUPTATEM ET.', '2004-08-01 02:39:18', '2005-12-24 03:43:30');
INSERT INTO `books` (`id`, `title`, `created_at`, `updated_at`) VALUES (94, 'LAUDANTIUM VERITATIS SED ET ET IN.', '2009-06-02 00:32:32', '2007-01-30 12:04:25');
INSERT INTO `books` (`id`, `title`, `created_at`, `updated_at`) VALUES (95, 'NATUS ET SED CORRUPTI EST.', '1984-11-23 01:29:40', '2019-08-14 20:07:16');
INSERT INTO `books` (`id`, `title`, `created_at`, `updated_at`) VALUES (96, 'ULLAM NATUS AUTEM DOLOREM AD CUMQUE IUSTO APERIAM.', '1993-11-18 20:26:24', '1998-05-03 14:22:28');
INSERT INTO `books` (`id`, `title`, `created_at`, `updated_at`) VALUES (97, 'QUI DELECTUS NIHIL OPTIO SED RATIONE DEBITIS QUIS.', '1999-01-18 05:22:49', '1978-10-29 06:53:08');
INSERT INTO `books` (`id`, `title`, `created_at`, `updated_at`) VALUES (98, 'TEMPORA EA FACERE NULLA ET.', '2007-07-22 08:35:18', '2012-01-16 15:22:04');
INSERT INTO `books` (`id`, `title`, `created_at`, `updated_at`) VALUES (99, 'NIHIL OMNIS CUPIDITATE AUT ULLAM.', '2016-09-08 02:56:45', '2006-07-06 14:51:44');
INSERT INTO `books` (`id`, `title`, `created_at`, `updated_at`) VALUES (100, 'DOLOR SINT VOLUPTATES QUI QUOS AUT.', '2016-03-09 17:58:54', '2011-03-10 11:01:14');


#
# TABLE STRUCTURE FOR: books_in_use
#

INSERT INTO `books_in_use` (`id`, `book_id`, `reader_id`, `date_of_issue`, `date_of_refund`, `created_at`, `updated_at`) VALUES (1, 1, 1, '2016-02-14', '2020-07-19', '1982-11-01 18:29:59', '1997-10-12 00:56:55');
INSERT INTO `books_in_use` (`id`, `book_id`, `reader_id`, `date_of_issue`, `date_of_refund`, `created_at`, `updated_at`) VALUES (2, 2, 2, '1980-05-12', '1992-04-27', '1975-06-28 06:34:30', '1997-09-26 15:45:07');
INSERT INTO `books_in_use` (`id`, `book_id`, `reader_id`, `date_of_issue`, `date_of_refund`, `created_at`, `updated_at`) VALUES (3, 3, 3, '2018-07-15', '2018-09-27', '1993-10-29 17:04:38', '2015-06-14 21:45:34');
INSERT INTO `books_in_use` (`id`, `book_id`, `reader_id`, `date_of_issue`, `date_of_refund`, `created_at`, `updated_at`) VALUES (4, 4, 4, '1998-05-17', '2014-04-15', '1982-04-18 18:22:01', '1984-05-27 19:20:51');
INSERT INTO `books_in_use` (`id`, `book_id`, `reader_id`, `date_of_issue`, `date_of_refund`, `created_at`, `updated_at`) VALUES (5, 5, 5, '2009-12-01', '2018-03-03', '2005-05-05 02:34:28', '1972-07-24 06:10:41');
INSERT INTO `books_in_use` (`id`, `book_id`, `reader_id`, `date_of_issue`, `date_of_refund`, `created_at`, `updated_at`) VALUES (6, 6, 6, '1989-10-30', '1987-02-02', '1989-02-06 19:56:12', '1974-01-08 18:54:16');
INSERT INTO `books_in_use` (`id`, `book_id`, `reader_id`, `date_of_issue`, `date_of_refund`, `created_at`, `updated_at`) VALUES (7, 7, 7, '1983-03-05', '1986-04-14', '2015-09-07 23:26:22', '1986-09-10 10:08:22');
INSERT INTO `books_in_use` (`id`, `book_id`, `reader_id`, `date_of_issue`, `date_of_refund`, `created_at`, `updated_at`) VALUES (8, 8, 8, '2020-07-20', '1977-01-26', '1973-05-26 09:50:15', '2018-06-09 13:03:28');
INSERT INTO `books_in_use` (`id`, `book_id`, `reader_id`, `date_of_issue`, `date_of_refund`, `created_at`, `updated_at`) VALUES (9, 9, 9, '1989-01-12', '2011-08-23', '2009-02-20 07:25:47', '2001-05-08 17:51:15');
INSERT INTO `books_in_use` (`id`, `book_id`, `reader_id`, `date_of_issue`, `date_of_refund`, `created_at`, `updated_at`) VALUES (10, 10, 10, '1987-09-25', '1983-05-10', '1980-03-19 01:07:23', '1972-03-05 16:37:10');
INSERT INTO `books_in_use` (`id`, `book_id`, `reader_id`, `date_of_issue`, `date_of_refund`, `created_at`, `updated_at`) VALUES (11, 11, 11, '1992-03-20', '1997-10-05', '2002-07-23 17:48:06', '1996-04-26 15:36:36');
INSERT INTO `books_in_use` (`id`, `book_id`, `reader_id`, `date_of_issue`, `date_of_refund`, `created_at`, `updated_at`) VALUES (12, 12, 12, '2013-11-25', '2019-02-06', '2011-11-24 19:46:28', '1970-12-20 09:31:42');
INSERT INTO `books_in_use` (`id`, `book_id`, `reader_id`, `date_of_issue`, `date_of_refund`, `created_at`, `updated_at`) VALUES (13, 13, 13, '1978-11-29', '2018-05-04', '1982-12-31 20:59:49', '2005-10-17 19:28:34');
INSERT INTO `books_in_use` (`id`, `book_id`, `reader_id`, `date_of_issue`, `date_of_refund`, `created_at`, `updated_at`) VALUES (14, 14, 14, '1984-06-24', '1988-10-13', '2004-03-11 02:11:26', '2018-05-09 17:32:41');
INSERT INTO `books_in_use` (`id`, `book_id`, `reader_id`, `date_of_issue`, `date_of_refund`, `created_at`, `updated_at`) VALUES (15, 15, 15, '1982-09-21', '1987-10-17', '1975-04-16 22:37:32', '1987-04-12 20:45:48');
INSERT INTO `books_in_use` (`id`, `book_id`, `reader_id`, `date_of_issue`, `date_of_refund`, `created_at`, `updated_at`) VALUES (16, 16, 16, '1985-06-29', '2018-06-07', '1971-09-04 21:47:33', '2014-09-02 11:39:00');
INSERT INTO `books_in_use` (`id`, `book_id`, `reader_id`, `date_of_issue`, `date_of_refund`, `created_at`, `updated_at`) VALUES (17, 17, 17, '1970-09-26', '1992-03-01', '2002-02-24 19:24:58', '1991-08-08 13:16:17');
INSERT INTO `books_in_use` (`id`, `book_id`, `reader_id`, `date_of_issue`, `date_of_refund`, `created_at`, `updated_at`) VALUES (18, 18, 18, '2007-05-09', '1977-03-04', '2011-10-27 02:13:50', '1984-09-04 18:18:25');
INSERT INTO `books_in_use` (`id`, `book_id`, `reader_id`, `date_of_issue`, `date_of_refund`, `created_at`, `updated_at`) VALUES (19, 19, 19, '2012-10-28', '2013-06-11', '1980-04-11 02:38:20', '1996-12-06 16:10:10');
INSERT INTO `books_in_use` (`id`, `book_id`, `reader_id`, `date_of_issue`, `date_of_refund`, `created_at`, `updated_at`) VALUES (20, 20, 20, '1979-03-30', '1990-08-01', '1990-08-26 07:21:32', '1973-08-11 13:04:13');
INSERT INTO `books_in_use` (`id`, `book_id`, `reader_id`, `date_of_issue`, `date_of_refund`, `created_at`, `updated_at`) VALUES (21, 21, 21, '2020-12-23', '1996-12-08', '1975-05-03 21:44:02', '1991-04-27 21:33:24');
INSERT INTO `books_in_use` (`id`, `book_id`, `reader_id`, `date_of_issue`, `date_of_refund`, `created_at`, `updated_at`) VALUES (22, 22, 22, '1984-01-10', '1997-02-28', '1999-12-02 19:02:29', '2010-02-25 06:40:25');
INSERT INTO `books_in_use` (`id`, `book_id`, `reader_id`, `date_of_issue`, `date_of_refund`, `created_at`, `updated_at`) VALUES (23, 23, 23, '2006-04-23', '1987-10-11', '1998-09-15 18:22:00', '2013-04-21 23:01:05');
INSERT INTO `books_in_use` (`id`, `book_id`, `reader_id`, `date_of_issue`, `date_of_refund`, `created_at`, `updated_at`) VALUES (24, 24, 24, '2006-11-14', '2005-05-03', '1980-05-06 18:26:36', '1981-04-12 03:11:11');
INSERT INTO `books_in_use` (`id`, `book_id`, `reader_id`, `date_of_issue`, `date_of_refund`, `created_at`, `updated_at`) VALUES (25, 25, 25, '2015-03-22', '2018-09-30', '2017-11-05 04:20:43', '2011-08-14 13:40:20');
INSERT INTO `books_in_use` (`id`, `book_id`, `reader_id`, `date_of_issue`, `date_of_refund`, `created_at`, `updated_at`) VALUES (26, 26, 26, '2001-01-24', '1978-01-28', '1982-11-19 15:55:31', '2015-04-10 17:06:07');
INSERT INTO `books_in_use` (`id`, `book_id`, `reader_id`, `date_of_issue`, `date_of_refund`, `created_at`, `updated_at`) VALUES (27, 27, 27, '1976-01-03', '2000-05-15', '1981-03-05 09:01:21', '2019-03-09 22:16:08');
INSERT INTO `books_in_use` (`id`, `book_id`, `reader_id`, `date_of_issue`, `date_of_refund`, `created_at`, `updated_at`) VALUES (28, 28, 28, '1980-04-05', '2003-03-21', '2008-12-05 09:57:51', '2010-09-24 13:53:07');
INSERT INTO `books_in_use` (`id`, `book_id`, `reader_id`, `date_of_issue`, `date_of_refund`, `created_at`, `updated_at`) VALUES (29, 29, 29, '1994-04-20', '2003-08-11', '1987-02-22 01:48:47', '1992-04-29 19:33:12');
INSERT INTO `books_in_use` (`id`, `book_id`, `reader_id`, `date_of_issue`, `date_of_refund`, `created_at`, `updated_at`) VALUES (30, 30, 30, '1985-11-30', '2010-05-09', '1990-10-12 17:05:59', '1992-04-04 14:13:45');
INSERT INTO `books_in_use` (`id`, `book_id`, `reader_id`, `date_of_issue`, `date_of_refund`, `created_at`, `updated_at`) VALUES (31, 31, 31, '2000-03-08', '1992-02-19', '2009-06-18 23:07:19', '2004-08-25 20:45:17');
INSERT INTO `books_in_use` (`id`, `book_id`, `reader_id`, `date_of_issue`, `date_of_refund`, `created_at`, `updated_at`) VALUES (32, 32, 32, '1992-01-16', '1977-05-16', '2002-06-25 19:24:11', '2003-01-14 11:39:11');
INSERT INTO `books_in_use` (`id`, `book_id`, `reader_id`, `date_of_issue`, `date_of_refund`, `created_at`, `updated_at`) VALUES (33, 33, 33, '2010-06-19', '1995-09-28', '1972-09-10 08:38:43', '1972-04-04 00:06:29');
INSERT INTO `books_in_use` (`id`, `book_id`, `reader_id`, `date_of_issue`, `date_of_refund`, `created_at`, `updated_at`) VALUES (34, 34, 34, '1992-04-23', '2016-02-19', '1985-02-23 09:34:17', '1993-03-21 11:55:35');
INSERT INTO `books_in_use` (`id`, `book_id`, `reader_id`, `date_of_issue`, `date_of_refund`, `created_at`, `updated_at`) VALUES (35, 35, 35, '1985-04-29', '1979-03-14', '2016-04-23 15:43:23', '1981-06-08 02:35:29');
INSERT INTO `books_in_use` (`id`, `book_id`, `reader_id`, `date_of_issue`, `date_of_refund`, `created_at`, `updated_at`) VALUES (36, 36, 36, '1998-01-17', '2017-03-22', '2000-02-01 20:48:01', '1998-07-11 10:27:25');
INSERT INTO `books_in_use` (`id`, `book_id`, `reader_id`, `date_of_issue`, `date_of_refund`, `created_at`, `updated_at`) VALUES (37, 37, 37, '1993-04-14', '1977-06-16', '2013-05-17 09:42:36', '2013-02-26 10:44:10');
INSERT INTO `books_in_use` (`id`, `book_id`, `reader_id`, `date_of_issue`, `date_of_refund`, `created_at`, `updated_at`) VALUES (38, 38, 38, '2008-01-14', '2018-01-24', '2002-11-25 00:54:33', '2014-10-20 17:59:49');
INSERT INTO `books_in_use` (`id`, `book_id`, `reader_id`, `date_of_issue`, `date_of_refund`, `created_at`, `updated_at`) VALUES (39, 39, 39, '1974-11-05', '2007-02-22', '1976-09-23 00:08:02', '1982-05-23 20:47:49');
INSERT INTO `books_in_use` (`id`, `book_id`, `reader_id`, `date_of_issue`, `date_of_refund`, `created_at`, `updated_at`) VALUES (40, 40, 40, '1975-08-08', '1999-08-21', '1979-09-17 03:46:08', '1993-06-30 06:37:14');
INSERT INTO `books_in_use` (`id`, `book_id`, `reader_id`, `date_of_issue`, `date_of_refund`, `created_at`, `updated_at`) VALUES (41, 41, 41, '1983-08-30', '2005-08-17', '1970-12-24 06:24:12', '1979-08-03 03:06:20');
INSERT INTO `books_in_use` (`id`, `book_id`, `reader_id`, `date_of_issue`, `date_of_refund`, `created_at`, `updated_at`) VALUES (42, 42, 42, '1987-08-04', '2003-01-11', '1993-04-20 17:03:39', '1990-05-14 13:25:25');
INSERT INTO `books_in_use` (`id`, `book_id`, `reader_id`, `date_of_issue`, `date_of_refund`, `created_at`, `updated_at`) VALUES (43, 43, 43, '2019-01-21', '2006-04-15', '1988-10-14 03:48:12', '2007-11-14 07:01:59');
INSERT INTO `books_in_use` (`id`, `book_id`, `reader_id`, `date_of_issue`, `date_of_refund`, `created_at`, `updated_at`) VALUES (44, 44, 44, '2002-06-29', '2017-08-23', '1975-06-02 10:48:36', '1978-04-07 19:32:39');
INSERT INTO `books_in_use` (`id`, `book_id`, `reader_id`, `date_of_issue`, `date_of_refund`, `created_at`, `updated_at`) VALUES (45, 45, 45, '2003-05-20', '2020-12-06', '1998-04-10 07:46:10', '2010-07-13 02:09:10');
INSERT INTO `books_in_use` (`id`, `book_id`, `reader_id`, `date_of_issue`, `date_of_refund`, `created_at`, `updated_at`) VALUES (46, 46, 46, '2020-07-02', '1996-10-29', '1977-12-31 10:12:16', '2009-02-26 09:40:29');
INSERT INTO `books_in_use` (`id`, `book_id`, `reader_id`, `date_of_issue`, `date_of_refund`, `created_at`, `updated_at`) VALUES (47, 47, 47, '1981-09-04', '2004-12-27', '1993-04-17 11:23:16', '2021-01-09 12:35:53');
INSERT INTO `books_in_use` (`id`, `book_id`, `reader_id`, `date_of_issue`, `date_of_refund`, `created_at`, `updated_at`) VALUES (48, 48, 48, '1977-05-12', '2008-01-27', '1975-09-26 06:51:00', '1985-06-03 06:01:59');
INSERT INTO `books_in_use` (`id`, `book_id`, `reader_id`, `date_of_issue`, `date_of_refund`, `created_at`, `updated_at`) VALUES (49, 49, 49, '1974-10-22', '1980-06-19', '1984-10-30 23:22:26', '1980-12-01 16:50:22');
INSERT INTO `books_in_use` (`id`, `book_id`, `reader_id`, `date_of_issue`, `date_of_refund`, `created_at`, `updated_at`) VALUES (50, 50, 50, '1971-06-22', '1987-08-05', '1984-05-09 23:27:18', '2020-05-18 15:16:31');
INSERT INTO `books_in_use` (`id`, `book_id`, `reader_id`, `date_of_issue`, `date_of_refund`, `created_at`, `updated_at`) VALUES (51, 51, 51, '1995-11-27', '2001-04-03', '2012-03-07 11:03:25', '2017-01-16 07:20:17');
INSERT INTO `books_in_use` (`id`, `book_id`, `reader_id`, `date_of_issue`, `date_of_refund`, `created_at`, `updated_at`) VALUES (52, 52, 52, '2004-08-10', '2015-01-02', '2002-11-24 09:35:38', '1997-03-26 21:38:43');
INSERT INTO `books_in_use` (`id`, `book_id`, `reader_id`, `date_of_issue`, `date_of_refund`, `created_at`, `updated_at`) VALUES (53, 53, 53, '1998-11-15', '1980-02-03', '1986-02-13 07:06:30', '1991-10-28 00:23:11');
INSERT INTO `books_in_use` (`id`, `book_id`, `reader_id`, `date_of_issue`, `date_of_refund`, `created_at`, `updated_at`) VALUES (54, 54, 54, '2015-03-21', '2017-07-13', '1989-03-23 14:27:14', '2008-09-12 09:14:18');
INSERT INTO `books_in_use` (`id`, `book_id`, `reader_id`, `date_of_issue`, `date_of_refund`, `created_at`, `updated_at`) VALUES (55, 55, 55, '1979-10-10', '2010-06-21', '2018-08-09 20:26:05', '2010-11-21 21:28:26');
INSERT INTO `books_in_use` (`id`, `book_id`, `reader_id`, `date_of_issue`, `date_of_refund`, `created_at`, `updated_at`) VALUES (56, 56, 56, '2019-04-17', '2005-11-17', '2006-12-21 03:16:46', '2020-04-22 12:57:41');
INSERT INTO `books_in_use` (`id`, `book_id`, `reader_id`, `date_of_issue`, `date_of_refund`, `created_at`, `updated_at`) VALUES (57, 57, 57, '2015-04-09', '1984-03-24', '2021-03-06 09:38:31', '2000-12-06 02:13:44');
INSERT INTO `books_in_use` (`id`, `book_id`, `reader_id`, `date_of_issue`, `date_of_refund`, `created_at`, `updated_at`) VALUES (58, 58, 58, '1991-10-30', '1990-01-26', '1982-02-27 07:16:31', '2015-11-03 22:13:43');
INSERT INTO `books_in_use` (`id`, `book_id`, `reader_id`, `date_of_issue`, `date_of_refund`, `created_at`, `updated_at`) VALUES (59, 59, 59, '1999-02-28', '2015-01-30', '2002-04-07 04:07:27', '1980-09-01 05:58:06');
INSERT INTO `books_in_use` (`id`, `book_id`, `reader_id`, `date_of_issue`, `date_of_refund`, `created_at`, `updated_at`) VALUES (60, 60, 60, '2005-08-22', '2019-12-16', '1992-10-13 06:15:41', '1972-02-13 03:29:19');
INSERT INTO `books_in_use` (`id`, `book_id`, `reader_id`, `date_of_issue`, `date_of_refund`, `created_at`, `updated_at`) VALUES (61, 61, 61, '2019-07-05', '1978-06-09', '2006-11-01 03:12:07', '1978-10-07 09:33:37');
INSERT INTO `books_in_use` (`id`, `book_id`, `reader_id`, `date_of_issue`, `date_of_refund`, `created_at`, `updated_at`) VALUES (62, 62, 62, '2013-12-07', '2010-09-27', '2018-01-06 05:11:51', '2008-06-12 00:08:27');
INSERT INTO `books_in_use` (`id`, `book_id`, `reader_id`, `date_of_issue`, `date_of_refund`, `created_at`, `updated_at`) VALUES (63, 63, 63, '2008-09-15', '2010-12-16', '1981-11-17 08:29:41', '1980-03-27 21:47:53');
INSERT INTO `books_in_use` (`id`, `book_id`, `reader_id`, `date_of_issue`, `date_of_refund`, `created_at`, `updated_at`) VALUES (64, 64, 64, '1976-12-17', '1984-05-17', '2017-12-11 23:26:14', '2016-02-13 10:32:41');
INSERT INTO `books_in_use` (`id`, `book_id`, `reader_id`, `date_of_issue`, `date_of_refund`, `created_at`, `updated_at`) VALUES (65, 65, 65, '1971-01-17', '1982-10-31', '1997-03-11 21:15:17', '1998-06-11 16:56:42');
INSERT INTO `books_in_use` (`id`, `book_id`, `reader_id`, `date_of_issue`, `date_of_refund`, `created_at`, `updated_at`) VALUES (66, 66, 66, '1986-05-23', '2014-04-09', '1974-03-25 00:26:50', '1973-01-24 20:18:11');
INSERT INTO `books_in_use` (`id`, `book_id`, `reader_id`, `date_of_issue`, `date_of_refund`, `created_at`, `updated_at`) VALUES (67, 67, 67, '1974-08-19', '1971-07-22', '2020-07-27 12:05:59', '1991-01-19 13:04:28');
INSERT INTO `books_in_use` (`id`, `book_id`, `reader_id`, `date_of_issue`, `date_of_refund`, `created_at`, `updated_at`) VALUES (68, 68, 68, '1986-03-09', '2003-04-28', '2017-11-17 23:48:44', '2005-10-16 00:57:14');
INSERT INTO `books_in_use` (`id`, `book_id`, `reader_id`, `date_of_issue`, `date_of_refund`, `created_at`, `updated_at`) VALUES (69, 69, 69, '2000-08-03', '1988-02-18', '1983-12-30 13:14:45', '1997-08-18 01:26:35');
INSERT INTO `books_in_use` (`id`, `book_id`, `reader_id`, `date_of_issue`, `date_of_refund`, `created_at`, `updated_at`) VALUES (70, 70, 70, '2007-04-11', '2020-05-01', '1972-07-16 11:59:08', '2012-02-23 21:36:45');
INSERT INTO `books_in_use` (`id`, `book_id`, `reader_id`, `date_of_issue`, `date_of_refund`, `created_at`, `updated_at`) VALUES (71, 71, 71, '1974-09-25', '2002-08-24', '2016-06-23 16:09:13', '2021-05-19 16:27:20');
INSERT INTO `books_in_use` (`id`, `book_id`, `reader_id`, `date_of_issue`, `date_of_refund`, `created_at`, `updated_at`) VALUES (72, 72, 72, '2014-07-02', '1989-04-29', '2017-01-08 14:27:43', '1985-02-24 16:27:00');
INSERT INTO `books_in_use` (`id`, `book_id`, `reader_id`, `date_of_issue`, `date_of_refund`, `created_at`, `updated_at`) VALUES (73, 73, 73, '1993-10-12', '2014-10-25', '2018-06-02 03:18:19', '1980-05-10 08:40:32');
INSERT INTO `books_in_use` (`id`, `book_id`, `reader_id`, `date_of_issue`, `date_of_refund`, `created_at`, `updated_at`) VALUES (74, 74, 74, '1991-09-17', '1974-03-26', '2021-04-08 19:33:06', '1985-08-23 10:36:55');
INSERT INTO `books_in_use` (`id`, `book_id`, `reader_id`, `date_of_issue`, `date_of_refund`, `created_at`, `updated_at`) VALUES (75, 75, 75, '1988-02-04', '2021-04-25', '2008-08-05 18:44:33', '1996-10-16 12:26:47');
INSERT INTO `books_in_use` (`id`, `book_id`, `reader_id`, `date_of_issue`, `date_of_refund`, `created_at`, `updated_at`) VALUES (76, 76, 76, '1979-07-13', '2005-09-23', '1997-01-13 21:25:15', '2009-03-11 07:47:13');
INSERT INTO `books_in_use` (`id`, `book_id`, `reader_id`, `date_of_issue`, `date_of_refund`, `created_at`, `updated_at`) VALUES (77, 77, 77, '2015-05-29', '2003-02-06', '1997-01-07 22:27:17', '1991-02-25 09:57:33');
INSERT INTO `books_in_use` (`id`, `book_id`, `reader_id`, `date_of_issue`, `date_of_refund`, `created_at`, `updated_at`) VALUES (78, 78, 78, '2003-12-20', '1984-10-12', '2014-04-27 01:44:14', '1998-07-01 17:04:34');
INSERT INTO `books_in_use` (`id`, `book_id`, `reader_id`, `date_of_issue`, `date_of_refund`, `created_at`, `updated_at`) VALUES (79, 79, 79, '1977-03-13', '1993-05-13', '1982-07-27 06:41:15', '1993-10-25 10:11:00');
INSERT INTO `books_in_use` (`id`, `book_id`, `reader_id`, `date_of_issue`, `date_of_refund`, `created_at`, `updated_at`) VALUES (80, 80, 80, '1998-06-12', '2013-05-18', '1980-01-31 20:31:54', '1971-08-21 06:52:01');
INSERT INTO `books_in_use` (`id`, `book_id`, `reader_id`, `date_of_issue`, `date_of_refund`, `created_at`, `updated_at`) VALUES (81, 81, 81, '1970-10-27', '1986-07-25', '1996-08-24 07:40:40', '1977-05-02 12:46:55');
INSERT INTO `books_in_use` (`id`, `book_id`, `reader_id`, `date_of_issue`, `date_of_refund`, `created_at`, `updated_at`) VALUES (82, 82, 82, '1990-10-31', '1984-06-30', '1973-04-28 15:48:08', '2018-09-29 12:53:59');
INSERT INTO `books_in_use` (`id`, `book_id`, `reader_id`, `date_of_issue`, `date_of_refund`, `created_at`, `updated_at`) VALUES (83, 83, 83, '2013-01-12', '1978-05-06', '2001-09-30 23:37:03', '1978-08-21 08:40:08');
INSERT INTO `books_in_use` (`id`, `book_id`, `reader_id`, `date_of_issue`, `date_of_refund`, `created_at`, `updated_at`) VALUES (84, 84, 84, '1970-06-02', '1992-09-29', '1991-09-29 07:07:09', '1973-02-26 13:50:14');
INSERT INTO `books_in_use` (`id`, `book_id`, `reader_id`, `date_of_issue`, `date_of_refund`, `created_at`, `updated_at`) VALUES (85, 85, 85, '2002-07-29', '1989-11-24', '2007-11-02 22:00:38', '2009-04-19 18:54:20');
INSERT INTO `books_in_use` (`id`, `book_id`, `reader_id`, `date_of_issue`, `date_of_refund`, `created_at`, `updated_at`) VALUES (86, 86, 86, '2016-11-13', '1976-02-19', '1992-07-30 02:32:00', '2014-05-22 13:49:45');
INSERT INTO `books_in_use` (`id`, `book_id`, `reader_id`, `date_of_issue`, `date_of_refund`, `created_at`, `updated_at`) VALUES (87, 87, 87, '1992-07-23', '1979-03-07', '1981-05-21 15:06:07', '1970-03-03 10:34:55');
INSERT INTO `books_in_use` (`id`, `book_id`, `reader_id`, `date_of_issue`, `date_of_refund`, `created_at`, `updated_at`) VALUES (88, 88, 88, '2003-07-06', '2003-07-27', '1983-10-22 11:47:19', '2002-06-29 00:35:21');
INSERT INTO `books_in_use` (`id`, `book_id`, `reader_id`, `date_of_issue`, `date_of_refund`, `created_at`, `updated_at`) VALUES (89, 89, 89, '1990-11-22', '2021-04-18', '1982-08-28 02:13:48', '2015-02-23 07:33:00');
INSERT INTO `books_in_use` (`id`, `book_id`, `reader_id`, `date_of_issue`, `date_of_refund`, `created_at`, `updated_at`) VALUES (90, 90, 90, '1979-04-27', '2008-11-11', '1981-12-04 15:01:20', '1990-07-31 15:57:30');
INSERT INTO `books_in_use` (`id`, `book_id`, `reader_id`, `date_of_issue`, `date_of_refund`, `created_at`, `updated_at`) VALUES (91, 91, 91, '1972-01-20', '1999-09-12', '2009-04-15 02:26:42', '1980-11-08 15:02:41');
INSERT INTO `books_in_use` (`id`, `book_id`, `reader_id`, `date_of_issue`, `date_of_refund`, `created_at`, `updated_at`) VALUES (92, 92, 92, '1978-11-18', '1983-06-17', '1997-11-30 19:58:52', '2008-05-21 12:26:25');
INSERT INTO `books_in_use` (`id`, `book_id`, `reader_id`, `date_of_issue`, `date_of_refund`, `created_at`, `updated_at`) VALUES (93, 93, 93, '2000-08-20', '2004-01-21', '1983-10-21 02:44:04', '2018-04-28 06:19:28');
INSERT INTO `books_in_use` (`id`, `book_id`, `reader_id`, `date_of_issue`, `date_of_refund`, `created_at`, `updated_at`) VALUES (94, 94, 94, '2013-08-30', '1983-06-24', '1998-02-19 21:24:00', '1986-05-08 02:32:42');
INSERT INTO `books_in_use` (`id`, `book_id`, `reader_id`, `date_of_issue`, `date_of_refund`, `created_at`, `updated_at`) VALUES (95, 95, 95, '1979-01-26', '2014-01-26', '1989-02-25 01:34:32', '1990-08-10 18:44:28');
INSERT INTO `books_in_use` (`id`, `book_id`, `reader_id`, `date_of_issue`, `date_of_refund`, `created_at`, `updated_at`) VALUES (96, 96, 96, '1971-09-05', '2004-09-20', '2018-06-19 15:18:38', '1992-07-17 02:36:52');
INSERT INTO `books_in_use` (`id`, `book_id`, `reader_id`, `date_of_issue`, `date_of_refund`, `created_at`, `updated_at`) VALUES (97, 97, 97, '2001-07-21', '2001-08-26', '2003-03-14 05:14:28', '2008-05-04 21:11:33');
INSERT INTO `books_in_use` (`id`, `book_id`, `reader_id`, `date_of_issue`, `date_of_refund`, `created_at`, `updated_at`) VALUES (98, 98, 98, '1974-07-21', '2015-02-19', '2012-05-27 13:45:08', '1992-02-05 12:28:42');
INSERT INTO `books_in_use` (`id`, `book_id`, `reader_id`, `date_of_issue`, `date_of_refund`, `created_at`, `updated_at`) VALUES (99, 99, 99, '1996-03-16', '1988-01-17', '2013-07-11 18:35:13', '1984-01-07 17:01:31');
INSERT INTO `books_in_use` (`id`, `book_id`, `reader_id`, `date_of_issue`, `date_of_refund`, `created_at`, `updated_at`) VALUES (100, 100, 100, '2014-11-08', '1988-05-07', '1986-08-31 06:11:33', '2011-02-04 22:59:44');


#
# TABLE STRUCTURE FOR: passports
#

INSERT INTO `passports` (`id`, `passport`, `created_at`, `updated_at`) VALUES (1, '935', '2016-03-18 04:36:55', '1991-09-14 22:08:23');
INSERT INTO `passports` (`id`, `passport`, `created_at`, `updated_at`) VALUES (2, '287', '2003-09-07 05:14:04', '1997-11-04 02:21:40');
INSERT INTO `passports` (`id`, `passport`, `created_at`, `updated_at`) VALUES (3, '305', '2009-06-04 23:29:36', '1999-03-06 01:36:13');
INSERT INTO `passports` (`id`, `passport`, `created_at`, `updated_at`) VALUES (4, '016', '1988-01-28 19:10:03', '2018-02-03 12:05:14');
INSERT INTO `passports` (`id`, `passport`, `created_at`, `updated_at`) VALUES (5, '459', '2005-04-29 18:53:45', '2010-10-27 17:32:34');
INSERT INTO `passports` (`id`, `passport`, `created_at`, `updated_at`) VALUES (6, '254', '1982-01-10 02:33:54', '1972-05-01 01:34:22');
INSERT INTO `passports` (`id`, `passport`, `created_at`, `updated_at`) VALUES (7, '940', '2006-01-24 13:36:47', '2012-06-18 01:33:06');
INSERT INTO `passports` (`id`, `passport`, `created_at`, `updated_at`) VALUES (8, '906', '1992-03-09 19:54:17', '2009-11-01 15:03:24');
INSERT INTO `passports` (`id`, `passport`, `created_at`, `updated_at`) VALUES (9, '178', '1990-01-23 06:49:49', '2020-03-26 19:28:44');
INSERT INTO `passports` (`id`, `passport`, `created_at`, `updated_at`) VALUES (10, '433', '2002-02-02 01:05:18', '1982-06-04 06:32:28');
INSERT INTO `passports` (`id`, `passport`, `created_at`, `updated_at`) VALUES (11, '391', '1986-03-24 15:12:32', '1987-08-26 17:53:09');
INSERT INTO `passports` (`id`, `passport`, `created_at`, `updated_at`) VALUES (12, '288', '2007-10-28 16:07:38', '1985-03-16 16:26:24');
INSERT INTO `passports` (`id`, `passport`, `created_at`, `updated_at`) VALUES (13, '252', '1995-11-27 14:43:23', '1996-02-12 16:15:34');
INSERT INTO `passports` (`id`, `passport`, `created_at`, `updated_at`) VALUES (14, '253', '1982-03-15 00:21:12', '2008-10-04 14:40:53');
INSERT INTO `passports` (`id`, `passport`, `created_at`, `updated_at`) VALUES (15, '445', '2009-01-25 05:50:37', '1982-04-07 16:44:04');
INSERT INTO `passports` (`id`, `passport`, `created_at`, `updated_at`) VALUES (16, '347', '1979-10-01 01:07:52', '1993-11-22 23:47:30');
INSERT INTO `passports` (`id`, `passport`, `created_at`, `updated_at`) VALUES (17, '767', '1971-08-29 06:55:53', '1979-01-11 20:21:33');
INSERT INTO `passports` (`id`, `passport`, `created_at`, `updated_at`) VALUES (18, '517', '2020-02-15 08:51:52', '2020-01-09 07:15:41');
INSERT INTO `passports` (`id`, `passport`, `created_at`, `updated_at`) VALUES (19, '502', '1999-04-24 03:33:38', '1970-10-25 13:41:30');
INSERT INTO `passports` (`id`, `passport`, `created_at`, `updated_at`) VALUES (20, '384', '1996-10-07 01:54:39', '2021-06-17 09:38:42');
INSERT INTO `passports` (`id`, `passport`, `created_at`, `updated_at`) VALUES (21, '318', '1999-09-20 21:00:37', '2012-05-04 07:36:42');
INSERT INTO `passports` (`id`, `passport`, `created_at`, `updated_at`) VALUES (22, '040', '1983-10-21 17:28:11', '1994-04-11 22:30:01');
INSERT INTO `passports` (`id`, `passport`, `created_at`, `updated_at`) VALUES (23, '345', '2019-04-12 02:12:08', '2005-05-14 00:22:25');
INSERT INTO `passports` (`id`, `passport`, `created_at`, `updated_at`) VALUES (24, '139', '1983-05-23 14:33:46', '2003-05-27 01:11:10');
INSERT INTO `passports` (`id`, `passport`, `created_at`, `updated_at`) VALUES (25, '360', '1971-02-25 05:15:24', '2021-02-08 12:57:33');
INSERT INTO `passports` (`id`, `passport`, `created_at`, `updated_at`) VALUES (26, '396', '1978-11-04 01:11:55', '1994-06-12 04:27:08');
INSERT INTO `passports` (`id`, `passport`, `created_at`, `updated_at`) VALUES (27, '658', '2017-02-23 15:43:13', '1984-01-16 08:19:38');
INSERT INTO `passports` (`id`, `passport`, `created_at`, `updated_at`) VALUES (28, '137', '2015-06-30 02:14:10', '1997-11-20 16:14:10');
INSERT INTO `passports` (`id`, `passport`, `created_at`, `updated_at`) VALUES (29, '376', '1982-02-22 15:45:22', '2008-11-01 03:32:41');
INSERT INTO `passports` (`id`, `passport`, `created_at`, `updated_at`) VALUES (30, '550', '1970-02-01 06:04:51', '1972-07-31 16:32:10');
INSERT INTO `passports` (`id`, `passport`, `created_at`, `updated_at`) VALUES (31, '651', '1982-03-19 04:12:02', '2011-05-29 11:08:26');
INSERT INTO `passports` (`id`, `passport`, `created_at`, `updated_at`) VALUES (32, '388', '1985-12-31 12:18:08', '2003-02-22 14:47:03');
INSERT INTO `passports` (`id`, `passport`, `created_at`, `updated_at`) VALUES (33, '302', '2008-06-22 21:23:16', '2018-03-13 15:38:17');
INSERT INTO `passports` (`id`, `passport`, `created_at`, `updated_at`) VALUES (34, '311', '2009-05-08 09:23:37', '2002-06-08 09:00:57');
INSERT INTO `passports` (`id`, `passport`, `created_at`, `updated_at`) VALUES (35, '985', '1978-06-01 01:58:10', '1986-10-07 17:24:34');
INSERT INTO `passports` (`id`, `passport`, `created_at`, `updated_at`) VALUES (36, '316', '1971-01-25 22:48:05', '1992-10-31 15:45:14');
INSERT INTO `passports` (`id`, `passport`, `created_at`, `updated_at`) VALUES (37, '573', '1974-09-12 10:58:13', '2011-03-19 08:14:15');
INSERT INTO `passports` (`id`, `passport`, `created_at`, `updated_at`) VALUES (38, '774', '1999-07-19 07:37:29', '1998-06-20 21:59:19');
INSERT INTO `passports` (`id`, `passport`, `created_at`, `updated_at`) VALUES (39, '195', '1976-04-02 19:38:46', '2008-02-23 07:24:30');
INSERT INTO `passports` (`id`, `passport`, `created_at`, `updated_at`) VALUES (40, '401', '1998-01-04 13:23:17', '1994-04-20 00:05:04');
INSERT INTO `passports` (`id`, `passport`, `created_at`, `updated_at`) VALUES (41, '097', '1996-02-28 06:03:41', '1990-11-16 02:33:02');
INSERT INTO `passports` (`id`, `passport`, `created_at`, `updated_at`) VALUES (42, '529', '2012-05-15 19:16:11', '1971-04-27 14:41:11');
INSERT INTO `passports` (`id`, `passport`, `created_at`, `updated_at`) VALUES (43, '120', '2020-11-24 07:46:56', '2021-05-12 23:28:20');
INSERT INTO `passports` (`id`, `passport`, `created_at`, `updated_at`) VALUES (44, '332', '2010-02-19 23:17:08', '1996-08-06 23:14:25');
INSERT INTO `passports` (`id`, `passport`, `created_at`, `updated_at`) VALUES (45, '546', '1978-12-07 13:40:14', '1980-01-09 05:04:37');
INSERT INTO `passports` (`id`, `passport`, `created_at`, `updated_at`) VALUES (46, '320', '2012-12-27 16:47:45', '2013-06-21 05:24:41');
INSERT INTO `passports` (`id`, `passport`, `created_at`, `updated_at`) VALUES (47, '515', '2000-03-20 19:20:22', '1998-06-16 10:00:06');
INSERT INTO `passports` (`id`, `passport`, `created_at`, `updated_at`) VALUES (48, '346', '1987-12-13 14:45:10', '1997-02-28 14:29:43');
INSERT INTO `passports` (`id`, `passport`, `created_at`, `updated_at`) VALUES (49, '296', '2004-05-05 06:59:06', '2007-05-16 09:08:55');
INSERT INTO `passports` (`id`, `passport`, `created_at`, `updated_at`) VALUES (50, '156', '2003-01-23 13:44:09', '1988-05-01 04:33:22');
INSERT INTO `passports` (`id`, `passport`, `created_at`, `updated_at`) VALUES (51, '113', '2018-05-31 07:15:51', '2016-06-08 05:50:45');
INSERT INTO `passports` (`id`, `passport`, `created_at`, `updated_at`) VALUES (52, '908', '1979-03-05 12:53:02', '1974-08-25 12:28:04');
INSERT INTO `passports` (`id`, `passport`, `created_at`, `updated_at`) VALUES (53, '509', '2000-01-24 20:18:39', '1996-02-14 22:18:12');
INSERT INTO `passports` (`id`, `passport`, `created_at`, `updated_at`) VALUES (54, '298', '1989-10-23 21:05:24', '2016-05-14 00:47:17');
INSERT INTO `passports` (`id`, `passport`, `created_at`, `updated_at`) VALUES (55, '567', '1982-03-12 05:27:44', '2015-08-06 22:20:29');
INSERT INTO `passports` (`id`, `passport`, `created_at`, `updated_at`) VALUES (56, '179', '1977-03-13 17:34:33', '1993-02-12 22:27:44');
INSERT INTO `passports` (`id`, `passport`, `created_at`, `updated_at`) VALUES (57, '901', '1999-09-05 11:06:38', '2002-11-27 11:56:55');
INSERT INTO `passports` (`id`, `passport`, `created_at`, `updated_at`) VALUES (58, '410', '1995-07-11 00:04:34', '1986-04-24 16:09:48');
INSERT INTO `passports` (`id`, `passport`, `created_at`, `updated_at`) VALUES (59, '961', '1978-05-24 14:00:59', '2001-05-01 07:21:38');
INSERT INTO `passports` (`id`, `passport`, `created_at`, `updated_at`) VALUES (60, '229', '1993-10-30 15:38:00', '1988-09-30 15:18:21');
INSERT INTO `passports` (`id`, `passport`, `created_at`, `updated_at`) VALUES (61, '008', '1970-03-31 13:37:05', '1995-03-05 18:45:23');
INSERT INTO `passports` (`id`, `passport`, `created_at`, `updated_at`) VALUES (62, '832', '2013-03-27 08:28:43', '2020-07-20 00:38:19');
INSERT INTO `passports` (`id`, `passport`, `created_at`, `updated_at`) VALUES (63, '641', '1972-03-04 08:04:20', '1997-03-27 15:24:44');
INSERT INTO `passports` (`id`, `passport`, `created_at`, `updated_at`) VALUES (64, '393', '2005-12-27 04:43:01', '1983-03-20 08:41:33');
INSERT INTO `passports` (`id`, `passport`, `created_at`, `updated_at`) VALUES (65, '598', '2010-03-27 02:47:07', '1979-07-25 15:20:30');
INSERT INTO `passports` (`id`, `passport`, `created_at`, `updated_at`) VALUES (66, '910', '2018-03-10 03:12:55', '2017-01-06 08:33:14');
INSERT INTO `passports` (`id`, `passport`, `created_at`, `updated_at`) VALUES (67, '629', '1979-11-23 12:53:21', '1994-10-26 10:44:17');
INSERT INTO `passports` (`id`, `passport`, `created_at`, `updated_at`) VALUES (68, '123', '1999-06-23 03:11:27', '1993-03-24 01:09:54');
INSERT INTO `passports` (`id`, `passport`, `created_at`, `updated_at`) VALUES (69, '110', '1982-09-11 01:21:39', '2013-04-18 12:45:42');
INSERT INTO `passports` (`id`, `passport`, `created_at`, `updated_at`) VALUES (70, '652', '1991-08-16 06:46:09', '2007-07-08 11:59:31');
INSERT INTO `passports` (`id`, `passport`, `created_at`, `updated_at`) VALUES (71, '086', '1971-04-24 07:35:11', '1993-02-09 21:04:23');
INSERT INTO `passports` (`id`, `passport`, `created_at`, `updated_at`) VALUES (72, '578', '1993-10-28 13:12:39', '2008-09-29 12:29:40');
INSERT INTO `passports` (`id`, `passport`, `created_at`, `updated_at`) VALUES (73, '799', '2008-11-08 23:48:08', '1982-01-07 05:24:27');
INSERT INTO `passports` (`id`, `passport`, `created_at`, `updated_at`) VALUES (74, '601', '1972-03-18 07:18:12', '1999-09-20 16:44:11');
INSERT INTO `passports` (`id`, `passport`, `created_at`, `updated_at`) VALUES (75, '365', '1976-02-22 07:32:54', '1984-02-08 10:40:01');
INSERT INTO `passports` (`id`, `passport`, `created_at`, `updated_at`) VALUES (76, '162', '1972-09-30 22:12:58', '2009-06-04 21:54:45');
INSERT INTO `passports` (`id`, `passport`, `created_at`, `updated_at`) VALUES (77, '457', '1980-06-07 15:12:25', '1982-10-10 22:41:10');
INSERT INTO `passports` (`id`, `passport`, `created_at`, `updated_at`) VALUES (78, '422', '2018-01-05 10:08:42', '1972-09-13 01:41:49');
INSERT INTO `passports` (`id`, `passport`, `created_at`, `updated_at`) VALUES (79, '439', '1979-05-27 08:30:52', '2000-09-13 22:06:51');
INSERT INTO `passports` (`id`, `passport`, `created_at`, `updated_at`) VALUES (80, '593', '2002-09-16 16:15:46', '2010-04-06 16:12:31');
INSERT INTO `passports` (`id`, `passport`, `created_at`, `updated_at`) VALUES (81, '496', '1978-03-15 04:26:02', '1973-04-27 11:37:11');
INSERT INTO `passports` (`id`, `passport`, `created_at`, `updated_at`) VALUES (82, '314', '2003-08-16 08:32:17', '1973-10-10 20:55:58');
INSERT INTO `passports` (`id`, `passport`, `created_at`, `updated_at`) VALUES (83, '163', '2010-07-09 20:59:20', '2005-02-24 00:50:54');
INSERT INTO `passports` (`id`, `passport`, `created_at`, `updated_at`) VALUES (84, '108', '1978-07-25 05:42:54', '1985-05-08 12:22:54');
INSERT INTO `passports` (`id`, `passport`, `created_at`, `updated_at`) VALUES (85, '219', '1995-08-06 08:43:55', '1993-05-17 14:21:01');
INSERT INTO `passports` (`id`, `passport`, `created_at`, `updated_at`) VALUES (86, '519', '1988-04-22 17:56:02', '1992-11-19 00:47:20');
INSERT INTO `passports` (`id`, `passport`, `created_at`, `updated_at`) VALUES (87, '724', '1985-04-25 14:50:06', '1986-06-08 04:15:27');
INSERT INTO `passports` (`id`, `passport`, `created_at`, `updated_at`) VALUES (88, '083', '1993-01-01 00:19:08', '1998-12-29 06:42:49');
INSERT INTO `passports` (`id`, `passport`, `created_at`, `updated_at`) VALUES (89, '160', '1977-02-17 17:26:42', '2001-06-15 22:05:34');
INSERT INTO `passports` (`id`, `passport`, `created_at`, `updated_at`) VALUES (90, '409', '2013-06-30 16:46:00', '2016-01-31 02:24:55');
INSERT INTO `passports` (`id`, `passport`, `created_at`, `updated_at`) VALUES (91, '679', '1995-11-06 16:26:30', '2003-05-14 13:10:02');
INSERT INTO `passports` (`id`, `passport`, `created_at`, `updated_at`) VALUES (92, '996', '1992-08-07 15:51:52', '2007-07-11 21:11:46');
INSERT INTO `passports` (`id`, `passport`, `created_at`, `updated_at`) VALUES (93, '428', '1993-06-15 10:00:11', '2009-03-07 18:24:55');
INSERT INTO `passports` (`id`, `passport`, `created_at`, `updated_at`) VALUES (94, '476', '2010-12-05 10:44:15', '1976-11-20 01:04:56');
INSERT INTO `passports` (`id`, `passport`, `created_at`, `updated_at`) VALUES (95, '754', '2000-12-29 00:10:59', '2018-01-01 16:43:49');
INSERT INTO `passports` (`id`, `passport`, `created_at`, `updated_at`) VALUES (96, '429', '2004-10-20 18:49:17', '1987-11-12 18:10:15');
INSERT INTO `passports` (`id`, `passport`, `created_at`, `updated_at`) VALUES (97, '223', '2009-06-30 15:35:45', '1978-04-25 06:06:20');
INSERT INTO `passports` (`id`, `passport`, `created_at`, `updated_at`) VALUES (98, '166', '1997-06-08 10:02:21', '1984-12-02 02:29:42');
INSERT INTO `passports` (`id`, `passport`, `created_at`, `updated_at`) VALUES (99, '858', '1973-08-21 12:31:05', '2010-08-27 07:44:01');
INSERT INTO `passports` (`id`, `passport`, `created_at`, `updated_at`) VALUES (100, '381', '1981-04-15 03:56:11', '2007-04-14 22:08:06');


#
# TABLE STRUCTURE FOR: publishers
#

INSERT INTO `publishers` (`id`, `name`, `book_id`, `created_at`, `updated_at`) VALUES (1, 'PROVIDENT', 1, '2006-05-06 05:27:22', '1989-09-30 05:24:03');
INSERT INTO `publishers` (`id`, `name`, `book_id`, `created_at`, `updated_at`) VALUES (2, 'DOLOREM', 2, '2000-05-12 03:43:12', '1974-09-12 16:00:50');
INSERT INTO `publishers` (`id`, `name`, `book_id`, `created_at`, `updated_at`) VALUES (3, 'ALIAS', 3, '1972-09-21 11:23:13', '2005-06-06 16:44:53');
INSERT INTO `publishers` (`id`, `name`, `book_id`, `created_at`, `updated_at`) VALUES (4, 'SED', 4, '1979-12-19 18:18:52', '1977-05-30 01:20:05');
INSERT INTO `publishers` (`id`, `name`, `book_id`, `created_at`, `updated_at`) VALUES (5, 'CONSEQUATUR', 5, '1994-10-13 18:05:03', '1997-05-15 04:26:24');
INSERT INTO `publishers` (`id`, `name`, `book_id`, `created_at`, `updated_at`) VALUES (6, 'VOLUPTAS', 6, '1992-01-20 11:21:23', '1983-03-26 22:08:23');
INSERT INTO `publishers` (`id`, `name`, `book_id`, `created_at`, `updated_at`) VALUES (7, 'CULPA', 7, '2001-05-29 15:25:05', '1999-08-01 22:00:55');
INSERT INTO `publishers` (`id`, `name`, `book_id`, `created_at`, `updated_at`) VALUES (8, 'CONSEQUUNTUR', 8, '2019-09-07 11:35:48', '2018-02-15 13:33:44');
INSERT INTO `publishers` (`id`, `name`, `book_id`, `created_at`, `updated_at`) VALUES (9, 'INCIDUNT', 9, '1992-01-31 02:00:31', '1986-11-03 02:06:11');
INSERT INTO `publishers` (`id`, `name`, `book_id`, `created_at`, `updated_at`) VALUES (10, 'COMMODI', 10, '2008-05-16 12:41:30', '1990-02-11 06:40:32');
INSERT INTO `publishers` (`id`, `name`, `book_id`, `created_at`, `updated_at`) VALUES (11, 'SIT', 11, '1974-04-10 09:28:37', '1973-01-06 08:02:31');
INSERT INTO `publishers` (`id`, `name`, `book_id`, `created_at`, `updated_at`) VALUES (12, 'VOLUPTATEM', 12, '1985-01-22 11:27:18', '2013-05-07 18:58:38');
INSERT INTO `publishers` (`id`, `name`, `book_id`, `created_at`, `updated_at`) VALUES (13, 'POSSIMUS', 13, '1992-04-19 13:02:09', '1991-06-06 23:07:38');
INSERT INTO `publishers` (`id`, `name`, `book_id`, `created_at`, `updated_at`) VALUES (14, 'REPUDIANDAE', 14, '2013-02-18 16:29:49', '1973-08-24 23:18:06');
INSERT INTO `publishers` (`id`, `name`, `book_id`, `created_at`, `updated_at`) VALUES (15, 'IPSA', 15, '1979-02-27 05:10:51', '1979-04-08 08:15:35');
INSERT INTO `publishers` (`id`, `name`, `book_id`, `created_at`, `updated_at`) VALUES (16, 'NON', 16, '1992-12-10 11:29:04', '1997-08-18 03:08:14');
INSERT INTO `publishers` (`id`, `name`, `book_id`, `created_at`, `updated_at`) VALUES (17, 'ELIGENDI', 17, '1972-08-23 23:37:29', '1974-09-28 21:35:08');
INSERT INTO `publishers` (`id`, `name`, `book_id`, `created_at`, `updated_at`) VALUES (18, 'ASPERNATUR', 18, '2020-03-05 05:12:12', '1987-02-22 21:25:39');
INSERT INTO `publishers` (`id`, `name`, `book_id`, `created_at`, `updated_at`) VALUES (19, 'RERUM', 19, '2009-11-20 15:53:46', '2013-05-20 18:55:04');
INSERT INTO `publishers` (`id`, `name`, `book_id`, `created_at`, `updated_at`) VALUES (20, 'IMPEDIT', 20, '2018-02-10 05:18:47', '1973-10-09 07:52:20');
INSERT INTO `publishers` (`id`, `name`, `book_id`, `created_at`, `updated_at`) VALUES (21, 'QUISQUAM', 21, '1987-04-12 09:31:34', '2019-03-04 03:16:29');
INSERT INTO `publishers` (`id`, `name`, `book_id`, `created_at`, `updated_at`) VALUES (22, 'DOLORES', 22, '1981-10-09 02:44:44', '2016-10-15 20:07:31');
INSERT INTO `publishers` (`id`, `name`, `book_id`, `created_at`, `updated_at`) VALUES (23, 'NIHIL', 23, '2020-09-11 03:26:41', '2017-05-27 11:25:56');
INSERT INTO `publishers` (`id`, `name`, `book_id`, `created_at`, `updated_at`) VALUES (24, 'VEL', 24, '1980-07-14 02:45:00', '1970-09-06 00:28:22');
INSERT INTO `publishers` (`id`, `name`, `book_id`, `created_at`, `updated_at`) VALUES (25, 'QUI', 25, '1989-05-02 14:12:50', '2000-11-09 00:18:38');
INSERT INTO `publishers` (`id`, `name`, `book_id`, `created_at`, `updated_at`) VALUES (26, 'DEBITIS', 26, '1981-06-15 03:35:09', '1976-11-02 21:12:56');
INSERT INTO `publishers` (`id`, `name`, `book_id`, `created_at`, `updated_at`) VALUES (27, 'ET', 27, '2015-12-16 12:50:27', '1982-08-29 02:22:28');
INSERT INTO `publishers` (`id`, `name`, `book_id`, `created_at`, `updated_at`) VALUES (28, 'UNDE', 28, '1976-09-27 16:37:47', '1978-11-30 20:07:27');
INSERT INTO `publishers` (`id`, `name`, `book_id`, `created_at`, `updated_at`) VALUES (29, 'REICIENDIS', 29, '1988-01-02 20:48:11', '1992-11-29 21:36:52');
INSERT INTO `publishers` (`id`, `name`, `book_id`, `created_at`, `updated_at`) VALUES (30, 'ID', 30, '1997-09-29 19:51:23', '1975-01-06 01:31:23');
INSERT INTO `publishers` (`id`, `name`, `book_id`, `created_at`, `updated_at`) VALUES (31, 'QUOS', 31, '2012-02-12 13:40:03', '1976-01-06 21:20:35');
INSERT INTO `publishers` (`id`, `name`, `book_id`, `created_at`, `updated_at`) VALUES (32, 'OFFICIIS', 32, '1976-05-14 19:33:13', '1983-07-12 01:08:05');
INSERT INTO `publishers` (`id`, `name`, `book_id`, `created_at`, `updated_at`) VALUES (33, 'EVENIET', 33, '1980-05-04 07:08:01', '1999-06-14 03:16:43');
INSERT INTO `publishers` (`id`, `name`, `book_id`, `created_at`, `updated_at`) VALUES (34, 'MOLLITIA', 34, '2007-12-06 18:58:07', '1987-06-25 20:49:15');
INSERT INTO `publishers` (`id`, `name`, `book_id`, `created_at`, `updated_at`) VALUES (35, 'INVENTORE', 35, '1981-10-22 22:44:36', '2018-05-11 19:37:57');
INSERT INTO `publishers` (`id`, `name`, `book_id`, `created_at`, `updated_at`) VALUES (36, 'EXPEDITA', 36, '2020-10-20 01:33:16', '1981-08-20 14:19:50');
INSERT INTO `publishers` (`id`, `name`, `book_id`, `created_at`, `updated_at`) VALUES (37, 'TEMPORE', 37, '1988-05-15 01:33:14', '2005-10-31 08:32:52');
INSERT INTO `publishers` (`id`, `name`, `book_id`, `created_at`, `updated_at`) VALUES (38, 'EIUS', 38, '2005-05-18 18:15:48', '1977-01-05 17:43:28');
INSERT INTO `publishers` (`id`, `name`, `book_id`, `created_at`, `updated_at`) VALUES (39, 'EARUM', 39, '1988-12-20 10:52:42', '1988-05-06 06:51:40');
INSERT INTO `publishers` (`id`, `name`, `book_id`, `created_at`, `updated_at`) VALUES (40, 'RECUSANDAE', 40, '1991-06-07 19:44:27', '1987-02-16 10:24:28');
INSERT INTO `publishers` (`id`, `name`, `book_id`, `created_at`, `updated_at`) VALUES (41, 'AUT', 41, '1999-05-15 03:59:07', '1990-02-20 20:01:02');
INSERT INTO `publishers` (`id`, `name`, `book_id`, `created_at`, `updated_at`) VALUES (42, 'NULLA', 42, '1977-06-08 16:41:57', '2004-11-23 00:23:54');
INSERT INTO `publishers` (`id`, `name`, `book_id`, `created_at`, `updated_at`) VALUES (43, 'OMNIS', 43, '2009-12-17 17:06:21', '2020-05-26 02:35:10');
INSERT INTO `publishers` (`id`, `name`, `book_id`, `created_at`, `updated_at`) VALUES (44, 'FUGIAT', 44, '1981-06-14 14:57:03', '2006-10-28 14:53:40');
INSERT INTO `publishers` (`id`, `name`, `book_id`, `created_at`, `updated_at`) VALUES (45, 'SUNT', 45, '1997-12-17 16:16:06', '1973-05-27 18:43:43');
INSERT INTO `publishers` (`id`, `name`, `book_id`, `created_at`, `updated_at`) VALUES (46, 'IN', 46, '2018-03-27 04:56:54', '2012-04-29 20:21:21');
INSERT INTO `publishers` (`id`, `name`, `book_id`, `created_at`, `updated_at`) VALUES (47, 'SIMILIQUE', 47, '1981-09-12 15:09:00', '1989-12-10 19:33:07');
INSERT INTO `publishers` (`id`, `name`, `book_id`, `created_at`, `updated_at`) VALUES (48, 'ISTE', 48, '1980-10-28 05:18:48', '1999-01-03 13:17:43');
INSERT INTO `publishers` (`id`, `name`, `book_id`, `created_at`, `updated_at`) VALUES (49, 'ADIPISCI', 49, '1993-08-22 01:56:39', '2009-12-06 16:23:09');
INSERT INTO `publishers` (`id`, `name`, `book_id`, `created_at`, `updated_at`) VALUES (50, 'PARIATUR', 50, '2010-05-25 15:16:56', '1985-03-25 21:39:08');
INSERT INTO `publishers` (`id`, `name`, `book_id`, `created_at`, `updated_at`) VALUES (51, 'UT', 51, '2016-09-12 10:00:36', '1992-02-01 13:55:58');
INSERT INTO `publishers` (`id`, `name`, `book_id`, `created_at`, `updated_at`) VALUES (52, 'SAEPE', 52, '1997-09-11 15:45:46', '1991-02-11 05:49:32');
INSERT INTO `publishers` (`id`, `name`, `book_id`, `created_at`, `updated_at`) VALUES (53, 'A', 53, '2001-08-03 01:58:27', '2017-11-26 04:22:26');
INSERT INTO `publishers` (`id`, `name`, `book_id`, `created_at`, `updated_at`) VALUES (54, 'CORPORIS', 54, '1981-11-05 00:40:17', '2017-11-10 03:19:37');
INSERT INTO `publishers` (`id`, `name`, `book_id`, `created_at`, `updated_at`) VALUES (55, 'PERFERENDIS', 55, '2010-10-03 14:26:55', '2001-09-07 12:05:00');
INSERT INTO `publishers` (`id`, `name`, `book_id`, `created_at`, `updated_at`) VALUES (56, 'QUIDEM', 56, '1985-12-06 07:49:14', '1981-08-08 23:59:01');
INSERT INTO `publishers` (`id`, `name`, `book_id`, `created_at`, `updated_at`) VALUES (57, 'VOLUPTATUM', 57, '2007-01-20 09:36:53', '1982-12-03 15:01:48');
INSERT INTO `publishers` (`id`, `name`, `book_id`, `created_at`, `updated_at`) VALUES (58, 'QUIS', 58, '1994-01-16 06:45:54', '2011-11-23 17:57:05');
INSERT INTO `publishers` (`id`, `name`, `book_id`, `created_at`, `updated_at`) VALUES (59, 'NESCIUNT', 59, '1987-02-08 01:13:32', '2004-11-21 09:52:13');
INSERT INTO `publishers` (`id`, `name`, `book_id`, `created_at`, `updated_at`) VALUES (60, 'QUASI', 60, '2003-04-17 20:26:04', '1986-01-17 23:10:03');
INSERT INTO `publishers` (`id`, `name`, `book_id`, `created_at`, `updated_at`) VALUES (61, 'VITAE', 61, '1986-08-12 06:42:14', '1979-03-07 23:43:36');
INSERT INTO `publishers` (`id`, `name`, `book_id`, `created_at`, `updated_at`) VALUES (62, 'QUO', 62, '1998-08-26 19:31:51', '1987-02-09 01:39:48');
INSERT INTO `publishers` (`id`, `name`, `book_id`, `created_at`, `updated_at`) VALUES (63, 'HIC', 63, '1980-03-06 08:21:25', '2019-11-17 20:13:40');
INSERT INTO `publishers` (`id`, `name`, `book_id`, `created_at`, `updated_at`) VALUES (64, 'DISTINCTIO', 64, '1978-06-08 12:15:52', '2017-03-08 02:53:38');
INSERT INTO `publishers` (`id`, `name`, `book_id`, `created_at`, `updated_at`) VALUES (65, 'QUIA', 65, '1972-08-26 16:29:27', '2004-11-16 06:05:44');
INSERT INTO `publishers` (`id`, `name`, `book_id`, `created_at`, `updated_at`) VALUES (66, 'NUMQUAM', 66, '2017-07-03 15:05:18', '2012-10-31 09:31:28');
INSERT INTO `publishers` (`id`, `name`, `book_id`, `created_at`, `updated_at`) VALUES (67, 'ENIM', 67, '1990-11-17 14:55:35', '1983-04-03 09:55:25');
INSERT INTO `publishers` (`id`, `name`, `book_id`, `created_at`, `updated_at`) VALUES (68, 'ODIO', 68, '2013-07-08 19:25:45', '2000-02-11 07:49:46');
INSERT INTO `publishers` (`id`, `name`, `book_id`, `created_at`, `updated_at`) VALUES (69, 'MODI', 69, '2008-12-18 19:56:57', '1976-10-23 16:58:43');
INSERT INTO `publishers` (`id`, `name`, `book_id`, `created_at`, `updated_at`) VALUES (70, 'ESSE', 70, '1975-09-15 03:49:40', '1995-03-06 11:04:50');
INSERT INTO `publishers` (`id`, `name`, `book_id`, `created_at`, `updated_at`) VALUES (71, 'SINT', 71, '2003-04-21 19:48:08', '1997-02-17 16:07:23');
INSERT INTO `publishers` (`id`, `name`, `book_id`, `created_at`, `updated_at`) VALUES (72, 'FUGA', 72, '1980-10-28 20:59:25', '1984-06-16 20:43:16');
INSERT INTO `publishers` (`id`, `name`, `book_id`, `created_at`, `updated_at`) VALUES (73, 'VERITATIS', 73, '2011-07-25 21:34:05', '2020-11-14 00:05:37');
INSERT INTO `publishers` (`id`, `name`, `book_id`, `created_at`, `updated_at`) VALUES (74, 'NOSTRUM', 74, '2004-08-29 12:11:42', '1995-02-19 03:54:02');
INSERT INTO `publishers` (`id`, `name`, `book_id`, `created_at`, `updated_at`) VALUES (75, 'EXERCITATIONEM', 75, '1980-12-07 11:46:24', '1992-12-29 00:53:31');
INSERT INTO `publishers` (`id`, `name`, `book_id`, `created_at`, `updated_at`) VALUES (76, 'CONSECTETUR', 76, '2001-07-12 04:55:10', '1976-07-11 05:40:57');
INSERT INTO `publishers` (`id`, `name`, `book_id`, `created_at`, `updated_at`) VALUES (77, 'LABORE', 77, '1980-07-24 18:17:37', '1988-11-14 23:34:14');
INSERT INTO `publishers` (`id`, `name`, `book_id`, `created_at`, `updated_at`) VALUES (78, 'QUIBUSDAM', 78, '1985-11-21 14:06:06', '2010-05-19 09:39:02');
INSERT INTO `publishers` (`id`, `name`, `book_id`, `created_at`, `updated_at`) VALUES (79, 'DOLORIBUS', 79, '1983-11-23 18:58:22', '1978-01-27 20:25:52');
INSERT INTO `publishers` (`id`, `name`, `book_id`, `created_at`, `updated_at`) VALUES (80, 'DELENITI', 80, '1989-06-29 15:47:36', '2006-11-28 18:09:04');
INSERT INTO `publishers` (`id`, `name`, `book_id`, `created_at`, `updated_at`) VALUES (81, 'EST', 81, '1981-04-29 15:45:52', '2013-10-27 23:45:34');
INSERT INTO `publishers` (`id`, `name`, `book_id`, `created_at`, `updated_at`) VALUES (82, 'AT', 82, '2006-05-01 14:39:03', '1990-12-31 03:19:43');
INSERT INTO `publishers` (`id`, `name`, `book_id`, `created_at`, `updated_at`) VALUES (83, 'EA', 83, '2009-05-27 10:28:24', '1974-03-15 06:14:46');
INSERT INTO `publishers` (`id`, `name`, `book_id`, `created_at`, `updated_at`) VALUES (84, 'NAM', 84, '2001-10-14 18:44:13', '1999-06-29 04:03:01');
INSERT INTO `publishers` (`id`, `name`, `book_id`, `created_at`, `updated_at`) VALUES (85, 'IPSUM', 85, '1994-04-26 05:52:35', '2007-09-28 11:38:28');
INSERT INTO `publishers` (`id`, `name`, `book_id`, `created_at`, `updated_at`) VALUES (86, 'DOLORUM', 86, '1974-06-10 06:05:46', '1970-11-03 17:01:54');
INSERT INTO `publishers` (`id`, `name`, `book_id`, `created_at`, `updated_at`) VALUES (87, 'REPELLENDUS', 87, '1981-12-06 19:35:09', '1991-06-15 04:34:23');
INSERT INTO `publishers` (`id`, `name`, `book_id`, `created_at`, `updated_at`) VALUES (88, 'EUM', 88, '1996-08-19 17:42:56', '1993-04-07 13:32:10');
INSERT INTO `publishers` (`id`, `name`, `book_id`, `created_at`, `updated_at`) VALUES (89, 'AUTEM', 89, '1978-09-19 20:16:30', '1977-12-02 05:42:45');
INSERT INTO `publishers` (`id`, `name`, `book_id`, `created_at`, `updated_at`) VALUES (90, 'VELIT', 90, '1972-01-27 07:18:52', '1974-07-08 14:34:38');
INSERT INTO `publishers` (`id`, `name`, `book_id`, `created_at`, `updated_at`) VALUES (91, 'QUAM', 91, '1983-07-25 13:26:13', '1996-06-11 20:17:54');
INSERT INTO `publishers` (`id`, `name`, `book_id`, `created_at`, `updated_at`) VALUES (92, 'PRAESENTIUM', 92, '2017-06-01 03:21:09', '1985-07-07 01:25:40');
INSERT INTO `publishers` (`id`, `name`, `book_id`, `created_at`, `updated_at`) VALUES (93, 'REM', 93, '1994-11-14 12:39:26', '2021-04-27 22:45:46');
INSERT INTO `publishers` (`id`, `name`, `book_id`, `created_at`, `updated_at`) VALUES (94, 'ASSUMENDA', 94, '2017-07-25 08:02:52', '2002-06-26 04:48:47');
INSERT INTO `publishers` (`id`, `name`, `book_id`, `created_at`, `updated_at`) VALUES (95, 'LABORIOSAM', 95, '2009-05-12 13:16:53', '2015-11-23 17:33:28');
INSERT INTO `publishers` (`id`, `name`, `book_id`, `created_at`, `updated_at`) VALUES (96, 'ERROR', 96, '2012-09-03 06:07:39', '2011-06-23 08:05:18');
INSERT INTO `publishers` (`id`, `name`, `book_id`, `created_at`, `updated_at`) VALUES (97, 'QUAS', 97, '1995-07-14 19:05:16', '1994-11-12 10:15:36');
INSERT INTO `publishers` (`id`, `name`, `book_id`, `created_at`, `updated_at`) VALUES (98, 'LAUDANTIUM', 98, '2018-02-22 05:21:53', '1994-08-30 05:45:11');
INSERT INTO `publishers` (`id`, `name`, `book_id`, `created_at`, `updated_at`) VALUES (99, 'DIGNISSIMOS', 99, '1996-02-21 10:10:29', '2002-03-05 19:32:36');
INSERT INTO `publishers` (`id`, `name`, `book_id`, `created_at`, `updated_at`) VALUES (100, 'DELECTUS', 100, '1979-04-15 19:31:22', '2014-03-23 00:15:15');


#
# TABLE STRUCTURE FOR: readers
#

INSERT INTO `readers` (`id`, `last_name`, `first_name`, `middle_name`, `date_of_birth`, `created_at`, `updated_at`) VALUES (1, 'GIBSON', 'ROSELYN', 'EMIL', '2006-06-11', '1980-12-29 10:59:42', '1998-04-03 12:25:33');
INSERT INTO `readers` (`id`, `last_name`, `first_name`, `middle_name`, `date_of_birth`, `created_at`, `updated_at`) VALUES (2, 'SANFORD', 'CATERINA', 'IMMANUEL', '2018-10-11', '1980-10-10 04:06:25', '2001-06-19 03:35:09');
INSERT INTO `readers` (`id`, `last_name`, `first_name`, `middle_name`, `date_of_birth`, `created_at`, `updated_at`) VALUES (3, 'JAKUBOWSKI', 'FORD', 'GARRY', '1973-09-05', '1999-09-05 12:45:53', '2017-01-06 11:15:07');
INSERT INTO `readers` (`id`, `last_name`, `first_name`, `middle_name`, `date_of_birth`, `created_at`, `updated_at`) VALUES (4, 'MUELLER', 'ELDA', 'RICKY', '1970-03-20', '2008-06-01 20:44:50', '2017-02-08 13:54:57');
INSERT INTO `readers` (`id`, `last_name`, `first_name`, `middle_name`, `date_of_birth`, `created_at`, `updated_at`) VALUES (5, 'BREKKE', 'RAHSAAN', 'AKEEM', '1993-05-20', '1971-10-20 05:30:21', '2003-10-26 01:19:28');
INSERT INTO `readers` (`id`, `last_name`, `first_name`, `middle_name`, `date_of_birth`, `created_at`, `updated_at`) VALUES (6, 'CHRISTIANSEN', 'ARJUN', 'BRAIN', '1973-06-22', '2017-10-16 21:42:35', '1999-12-05 04:22:58');
INSERT INTO `readers` (`id`, `last_name`, `first_name`, `middle_name`, `date_of_birth`, `created_at`, `updated_at`) VALUES (7, 'GOYETTE', 'SIGMUND', 'REECE', '1983-01-03', '2003-07-23 10:12:55', '1992-11-26 17:04:31');
INSERT INTO `readers` (`id`, `last_name`, `first_name`, `middle_name`, `date_of_birth`, `created_at`, `updated_at`) VALUES (8, 'PREDOVIC', 'JAY', 'OSWALD', '1974-08-01', '1981-04-07 00:00:04', '1990-09-13 12:55:18');
INSERT INTO `readers` (`id`, `last_name`, `first_name`, `middle_name`, `date_of_birth`, `created_at`, `updated_at`) VALUES (9, 'LUBOWITZ', 'NATALIA', 'NATHANIEL', '1990-04-21', '2001-03-08 15:50:23', '2016-05-25 21:22:37');
INSERT INTO `readers` (`id`, `last_name`, `first_name`, `middle_name`, `date_of_birth`, `created_at`, `updated_at`) VALUES (10, 'NADER', 'COOPER', 'STANFORD', '1973-06-12', '2014-08-18 16:35:57', '2021-04-23 13:54:51');
INSERT INTO `readers` (`id`, `last_name`, `first_name`, `middle_name`, `date_of_birth`, `created_at`, `updated_at`) VALUES (11, 'BAUMBACH', 'LILIAN', 'ARIEL', '2009-11-11', '1999-02-12 19:40:23', '1983-08-27 11:45:30');
INSERT INTO `readers` (`id`, `last_name`, `first_name`, `middle_name`, `date_of_birth`, `created_at`, `updated_at`) VALUES (12, 'RATKE', 'JAYME', 'JUDSON', '2015-03-31', '2002-05-31 17:26:38', '2012-05-29 03:41:05');
INSERT INTO `readers` (`id`, `last_name`, `first_name`, `middle_name`, `date_of_birth`, `created_at`, `updated_at`) VALUES (13, 'TURNER', 'ANDRES', 'JUDAH', '2005-03-31', '2012-09-03 14:25:41', '1976-08-15 15:29:18');
INSERT INTO `readers` (`id`, `last_name`, `first_name`, `middle_name`, `date_of_birth`, `created_at`, `updated_at`) VALUES (14, 'KOELPIN', 'LEONORA', 'DESTIN', '2017-02-25', '2008-04-22 12:52:55', '1970-05-23 12:50:03');
INSERT INTO `readers` (`id`, `last_name`, `first_name`, `middle_name`, `date_of_birth`, `created_at`, `updated_at`) VALUES (15, 'DOUGLAS', 'ALENA', 'STANTON', '2008-04-21', '1983-03-18 11:42:29', '1987-05-19 13:53:08');
INSERT INTO `readers` (`id`, `last_name`, `first_name`, `middle_name`, `date_of_birth`, `created_at`, `updated_at`) VALUES (16, 'BERNHARD', 'DULCE', 'BAILEY', '2006-04-05', '1975-05-17 22:49:27', '1999-03-19 15:14:12');
INSERT INTO `readers` (`id`, `last_name`, `first_name`, `middle_name`, `date_of_birth`, `created_at`, `updated_at`) VALUES (17, 'STEHR', 'HOLLIE', 'WILFRED', '1994-08-06', '2009-08-29 04:13:14', '1990-02-03 17:29:54');
INSERT INTO `readers` (`id`, `last_name`, `first_name`, `middle_name`, `date_of_birth`, `created_at`, `updated_at`) VALUES (18, 'RUECKER', 'ABBIE', 'ROYAL', '2014-11-03', '2002-05-08 00:13:41', '1978-03-16 02:37:13');
INSERT INTO `readers` (`id`, `last_name`, `first_name`, `middle_name`, `date_of_birth`, `created_at`, `updated_at`) VALUES (19, 'GLOVER', 'CARMELLA', 'DEVON', '1995-05-07', '1994-06-21 22:44:04', '2000-10-30 16:21:14');
INSERT INTO `readers` (`id`, `last_name`, `first_name`, `middle_name`, `date_of_birth`, `created_at`, `updated_at`) VALUES (20, 'SIPES', 'RITA', 'DASHAWN', '2016-10-07', '2005-12-19 10:18:16', '1979-08-26 17:12:33');
INSERT INTO `readers` (`id`, `last_name`, `first_name`, `middle_name`, `date_of_birth`, `created_at`, `updated_at`) VALUES (21, 'SMITHAM', 'LARISSA', 'JOHNNY', '1983-05-02', '1981-01-11 02:34:07', '2003-07-10 08:10:10');
INSERT INTO `readers` (`id`, `last_name`, `first_name`, `middle_name`, `date_of_birth`, `created_at`, `updated_at`) VALUES (22, 'JAST', 'FEDERICO', 'ANTONE', '2002-10-25', '1973-01-06 21:43:36', '1996-03-10 12:32:09');
INSERT INTO `readers` (`id`, `last_name`, `first_name`, `middle_name`, `date_of_birth`, `created_at`, `updated_at`) VALUES (23, 'KOEPP', 'BRYON', 'JAMARCUS', '1990-05-18', '1990-11-17 19:07:21', '1991-07-02 22:32:45');
INSERT INTO `readers` (`id`, `last_name`, `first_name`, `middle_name`, `date_of_birth`, `created_at`, `updated_at`) VALUES (24, 'RAYNOR', 'AYLA', 'MERRITT', '1990-05-07', '1999-10-25 17:03:38', '1997-10-24 15:02:51');
INSERT INTO `readers` (`id`, `last_name`, `first_name`, `middle_name`, `date_of_birth`, `created_at`, `updated_at`) VALUES (25, 'LUETTGEN', 'ABBIE', 'MATTEO', '1982-01-20', '2021-01-27 03:42:53', '1975-12-22 11:59:23');
INSERT INTO `readers` (`id`, `last_name`, `first_name`, `middle_name`, `date_of_birth`, `created_at`, `updated_at`) VALUES (26, 'REICHERT', 'VELDA', 'LELAND', '2001-02-09', '1984-01-28 11:59:10', '1971-03-24 10:33:37');
INSERT INTO `readers` (`id`, `last_name`, `first_name`, `middle_name`, `date_of_birth`, `created_at`, `updated_at`) VALUES (27, 'O\'REILLY', 'VITO', 'ORAN', '2001-11-12', '1985-02-07 21:57:04', '1980-05-20 08:32:19');
INSERT INTO `readers` (`id`, `last_name`, `first_name`, `middle_name`, `date_of_birth`, `created_at`, `updated_at`) VALUES (28, 'CARTER', 'URIEL', 'WILBERT', '2004-12-12', '1983-07-03 08:03:49', '2020-05-22 06:06:44');
INSERT INTO `readers` (`id`, `last_name`, `first_name`, `middle_name`, `date_of_birth`, `created_at`, `updated_at`) VALUES (29, 'CORKERY', 'NOVELLA', 'AMANI', '1999-12-05', '2014-02-21 03:27:01', '1992-07-28 09:54:58');
INSERT INTO `readers` (`id`, `last_name`, `first_name`, `middle_name`, `date_of_birth`, `created_at`, `updated_at`) VALUES (30, 'D\'AMORE', 'EARLENE', 'FORD', '1993-04-23', '2000-02-08 20:44:53', '2014-05-09 12:53:19');
INSERT INTO `readers` (`id`, `last_name`, `first_name`, `middle_name`, `date_of_birth`, `created_at`, `updated_at`) VALUES (31, 'CASSIN', 'JENNIFER', 'KURTIS', '1998-01-27', '1998-07-18 06:38:37', '2004-03-13 21:54:22');
INSERT INTO `readers` (`id`, `last_name`, `first_name`, `middle_name`, `date_of_birth`, `created_at`, `updated_at`) VALUES (32, 'KOZEY', 'ERNIE', 'GONZALO', '1999-10-19', '2002-05-17 10:11:33', '1994-12-16 13:35:24');
INSERT INTO `readers` (`id`, `last_name`, `first_name`, `middle_name`, `date_of_birth`, `created_at`, `updated_at`) VALUES (33, 'HAND', 'JAKOB', 'HOBART', '2003-12-03', '2020-11-10 04:44:10', '2005-04-19 18:59:22');
INSERT INTO `readers` (`id`, `last_name`, `first_name`, `middle_name`, `date_of_birth`, `created_at`, `updated_at`) VALUES (34, 'SANFORD', 'EARLINE', 'CURTIS', '2017-11-20', '2001-12-02 04:13:30', '1992-11-17 23:24:05');
INSERT INTO `readers` (`id`, `last_name`, `first_name`, `middle_name`, `date_of_birth`, `created_at`, `updated_at`) VALUES (35, 'REICHERT', 'CARLIE', 'HILTON', '1996-01-21', '1982-05-25 20:22:43', '1998-07-26 03:43:49');
INSERT INTO `readers` (`id`, `last_name`, `first_name`, `middle_name`, `date_of_birth`, `created_at`, `updated_at`) VALUES (36, 'MULLER', 'GLEN', 'ORVAL', '2015-03-27', '1992-11-22 15:08:17', '1981-05-12 05:23:03');
INSERT INTO `readers` (`id`, `last_name`, `first_name`, `middle_name`, `date_of_birth`, `created_at`, `updated_at`) VALUES (37, 'GREENFELDER', 'KATARINA', 'HOLLIS', '2020-12-28', '1985-06-09 19:41:15', '2010-09-26 18:07:18');
INSERT INTO `readers` (`id`, `last_name`, `first_name`, `middle_name`, `date_of_birth`, `created_at`, `updated_at`) VALUES (38, 'BLOCK', 'JOSIE', 'BILL', '1990-01-14', '2001-12-13 15:56:10', '2004-02-24 06:55:19');
INSERT INTO `readers` (`id`, `last_name`, `first_name`, `middle_name`, `date_of_birth`, `created_at`, `updated_at`) VALUES (39, 'HACKETT', 'ITZEL', 'ROCIO', '2010-09-19', '2006-11-29 08:29:34', '1990-11-07 04:18:03');
INSERT INTO `readers` (`id`, `last_name`, `first_name`, `middle_name`, `date_of_birth`, `created_at`, `updated_at`) VALUES (40, 'MAYERT', 'ROBERT', 'GIOVANNY', '1985-11-28', '2002-04-22 13:41:15', '1987-04-17 20:00:03');
INSERT INTO `readers` (`id`, `last_name`, `first_name`, `middle_name`, `date_of_birth`, `created_at`, `updated_at`) VALUES (41, 'DECKOW', 'MAEVE', 'WESTON', '1997-02-19', '2010-11-13 05:07:27', '1981-05-22 09:46:47');
INSERT INTO `readers` (`id`, `last_name`, `first_name`, `middle_name`, `date_of_birth`, `created_at`, `updated_at`) VALUES (42, 'GOTTLIEB', 'TONI', 'MORIAH', '2008-05-30', '2019-07-23 07:03:43', '2016-04-14 03:21:45');
INSERT INTO `readers` (`id`, `last_name`, `first_name`, `middle_name`, `date_of_birth`, `created_at`, `updated_at`) VALUES (43, 'LUEILWITZ', 'ALYSA', 'CRISTINA', '1971-12-18', '1971-05-26 05:08:39', '2021-08-07 20:38:49');
INSERT INTO `readers` (`id`, `last_name`, `first_name`, `middle_name`, `date_of_birth`, `created_at`, `updated_at`) VALUES (44, 'SWIFT', 'KATELYN', 'XANDER', '1977-05-04', '1981-03-02 07:21:38', '2011-12-16 06:34:16');
INSERT INTO `readers` (`id`, `last_name`, `first_name`, `middle_name`, `date_of_birth`, `created_at`, `updated_at`) VALUES (45, 'EFFERTZ', 'STUART', 'ETHAN', '2005-09-02', '2010-02-26 11:11:07', '2003-03-20 07:11:44');
INSERT INTO `readers` (`id`, `last_name`, `first_name`, `middle_name`, `date_of_birth`, `created_at`, `updated_at`) VALUES (46, 'FADEL', 'ZANE', 'PETE', '2012-01-28', '1992-06-03 13:16:36', '1989-11-02 18:37:41');
INSERT INTO `readers` (`id`, `last_name`, `first_name`, `middle_name`, `date_of_birth`, `created_at`, `updated_at`) VALUES (47, 'D\'AMORE', 'KASSANDRA', 'WEBSTER', '1997-05-22', '2005-05-31 17:18:40', '1986-10-27 07:36:10');
INSERT INTO `readers` (`id`, `last_name`, `first_name`, `middle_name`, `date_of_birth`, `created_at`, `updated_at`) VALUES (48, 'BRAUN', 'KRISTY', 'ARMANI', '1996-02-25', '2012-04-08 11:21:15', '1979-08-31 17:34:10');
INSERT INTO `readers` (`id`, `last_name`, `first_name`, `middle_name`, `date_of_birth`, `created_at`, `updated_at`) VALUES (49, 'CORWIN', 'IZABELLA', 'TANNER', '1995-06-16', '1975-10-02 00:46:06', '2007-01-16 21:54:26');
INSERT INTO `readers` (`id`, `last_name`, `first_name`, `middle_name`, `date_of_birth`, `created_at`, `updated_at`) VALUES (50, 'WATERS', 'CHRISTINA', 'WILBERT', '1971-06-26', '2015-06-28 01:15:50', '1991-07-12 12:01:16');
INSERT INTO `readers` (`id`, `last_name`, `first_name`, `middle_name`, `date_of_birth`, `created_at`, `updated_at`) VALUES (51, 'VONRUEDEN', 'FELIPA', 'ROBERT', '1974-07-11', '1976-01-04 14:02:22', '1990-08-23 01:13:00');
INSERT INTO `readers` (`id`, `last_name`, `first_name`, `middle_name`, `date_of_birth`, `created_at`, `updated_at`) VALUES (52, 'LEBSACK', 'JOSIANNE', 'JESUS', '2020-12-26', '1995-09-13 11:47:11', '1993-06-22 22:48:52');
INSERT INTO `readers` (`id`, `last_name`, `first_name`, `middle_name`, `date_of_birth`, `created_at`, `updated_at`) VALUES (53, 'WATSICA', 'GREGORIO', 'CRISTOPHER', '1989-05-02', '1986-06-03 09:26:09', '2001-07-05 09:12:39');
INSERT INTO `readers` (`id`, `last_name`, `first_name`, `middle_name`, `date_of_birth`, `created_at`, `updated_at`) VALUES (54, 'MEDHURST', 'WYATT', 'CARMINE', '2010-08-10', '2017-03-29 07:28:50', '2001-09-26 17:25:45');
INSERT INTO `readers` (`id`, `last_name`, `first_name`, `middle_name`, `date_of_birth`, `created_at`, `updated_at`) VALUES (55, 'MURAZIK', 'OREN', 'GRAYSON', '1977-01-01', '2020-03-23 04:40:50', '2019-02-07 10:58:11');
INSERT INTO `readers` (`id`, `last_name`, `first_name`, `middle_name`, `date_of_birth`, `created_at`, `updated_at`) VALUES (56, 'BUCKRIDGE', 'JOAQUIN', 'GILLIAN', '1971-08-16', '1990-08-22 05:39:35', '1998-01-01 03:43:36');
INSERT INTO `readers` (`id`, `last_name`, `first_name`, `middle_name`, `date_of_birth`, `created_at`, `updated_at`) VALUES (57, 'CROOKS', 'JAMAR', 'ALI', '1993-03-07', '1983-05-02 17:28:05', '2007-12-14 04:15:12');
INSERT INTO `readers` (`id`, `last_name`, `first_name`, `middle_name`, `date_of_birth`, `created_at`, `updated_at`) VALUES (58, 'BOYLE', 'THURMAN', 'RAYMOND', '1983-06-25', '1995-01-29 13:29:11', '2005-03-01 07:05:45');
INSERT INTO `readers` (`id`, `last_name`, `first_name`, `middle_name`, `date_of_birth`, `created_at`, `updated_at`) VALUES (59, 'WATSICA', 'ZORA', 'CALEB', '2015-06-05', '1971-05-13 01:59:42', '1985-05-28 18:00:35');
INSERT INTO `readers` (`id`, `last_name`, `first_name`, `middle_name`, `date_of_birth`, `created_at`, `updated_at`) VALUES (60, 'MURRAY', 'BRENDA', 'FREDDIE', '1981-05-18', '2017-07-26 14:42:10', '1975-03-29 03:30:09');
INSERT INTO `readers` (`id`, `last_name`, `first_name`, `middle_name`, `date_of_birth`, `created_at`, `updated_at`) VALUES (61, 'WEHNER', 'HILMA', 'GENERAL', '1987-09-04', '2018-08-16 10:10:58', '2006-01-08 12:08:13');
INSERT INTO `readers` (`id`, `last_name`, `first_name`, `middle_name`, `date_of_birth`, `created_at`, `updated_at`) VALUES (62, 'BARROWS', 'ROWLAND', 'RUPERT', '1991-04-27', '2019-12-20 14:22:04', '1985-02-25 22:05:25');
INSERT INTO `readers` (`id`, `last_name`, `first_name`, `middle_name`, `date_of_birth`, `created_at`, `updated_at`) VALUES (63, 'BRAUN', 'WILHELM', 'NIKOLAS', '2015-10-13', '2010-12-13 05:54:33', '1991-09-03 06:25:15');
INSERT INTO `readers` (`id`, `last_name`, `first_name`, `middle_name`, `date_of_birth`, `created_at`, `updated_at`) VALUES (64, 'BARROWS', 'WILHELMINE', 'JAMAR', '1970-08-24', '1995-07-23 03:39:10', '1980-04-07 05:43:11');
INSERT INTO `readers` (`id`, `last_name`, `first_name`, `middle_name`, `date_of_birth`, `created_at`, `updated_at`) VALUES (65, 'SCHULIST', 'ANNIE', 'WINSTON', '2007-08-26', '2019-04-07 13:55:00', '1992-10-29 15:52:31');
INSERT INTO `readers` (`id`, `last_name`, `first_name`, `middle_name`, `date_of_birth`, `created_at`, `updated_at`) VALUES (66, 'EMARD', 'KAYDEN', 'NICK', '2017-04-20', '1976-08-19 15:37:23', '1976-03-23 04:47:40');
INSERT INTO `readers` (`id`, `last_name`, `first_name`, `middle_name`, `date_of_birth`, `created_at`, `updated_at`) VALUES (67, 'ROWE', 'WINFIELD', 'WELDON', '2019-12-30', '2019-03-11 19:33:30', '2010-05-15 11:34:10');
INSERT INTO `readers` (`id`, `last_name`, `first_name`, `middle_name`, `date_of_birth`, `created_at`, `updated_at`) VALUES (68, 'BAYER', 'AYDEN', 'GARLAND', '2011-02-01', '1989-05-11 12:01:15', '2011-10-01 19:03:08');
INSERT INTO `readers` (`id`, `last_name`, `first_name`, `middle_name`, `date_of_birth`, `created_at`, `updated_at`) VALUES (69, 'SCHOEN', 'ADRIAN', 'MARCEL', '1979-10-12', '2004-06-10 17:38:27', '2010-04-04 07:45:54');
INSERT INTO `readers` (`id`, `last_name`, `first_name`, `middle_name`, `date_of_birth`, `created_at`, `updated_at`) VALUES (70, 'OLSON', 'LENNA', 'KOLBY', '2011-10-14', '1995-01-22 18:23:27', '1994-08-11 05:09:22');
INSERT INTO `readers` (`id`, `last_name`, `first_name`, `middle_name`, `date_of_birth`, `created_at`, `updated_at`) VALUES (71, 'WUNSCH', 'ALFREDA', 'KIRK', '2015-05-12', '2019-09-06 23:32:06', '1986-03-30 18:40:04');
INSERT INTO `readers` (`id`, `last_name`, `first_name`, `middle_name`, `date_of_birth`, `created_at`, `updated_at`) VALUES (72, 'O\'CONNELL', 'JASON', 'FRANKIE', '1989-06-26', '2003-03-31 07:46:56', '1971-10-15 22:57:25');
INSERT INTO `readers` (`id`, `last_name`, `first_name`, `middle_name`, `date_of_birth`, `created_at`, `updated_at`) VALUES (73, 'FISHER', 'JESUS', 'SELMER', '2013-02-04', '1989-09-07 23:14:48', '2017-06-17 06:32:33');
INSERT INTO `readers` (`id`, `last_name`, `first_name`, `middle_name`, `date_of_birth`, `created_at`, `updated_at`) VALUES (74, 'FLATLEY', 'KRISTOFER', 'SEBASTIAN', '2004-07-16', '2013-03-18 12:03:57', '1991-10-05 21:47:52');
INSERT INTO `readers` (`id`, `last_name`, `first_name`, `middle_name`, `date_of_birth`, `created_at`, `updated_at`) VALUES (75, 'LARKIN', 'ILENE', 'SELMER', '2015-08-09', '1988-02-15 01:09:57', '1979-02-03 15:30:51');
INSERT INTO `readers` (`id`, `last_name`, `first_name`, `middle_name`, `date_of_birth`, `created_at`, `updated_at`) VALUES (76, 'VON', 'SANTINO', 'DESMOND', '1985-06-18', '1980-03-30 07:22:47', '1970-06-16 05:39:01');
INSERT INTO `readers` (`id`, `last_name`, `first_name`, `middle_name`, `date_of_birth`, `created_at`, `updated_at`) VALUES (77, 'SIMONIS', 'TARA', 'KEANU', '2013-05-04', '1997-01-24 09:47:59', '1994-07-02 07:01:24');
INSERT INTO `readers` (`id`, `last_name`, `first_name`, `middle_name`, `date_of_birth`, `created_at`, `updated_at`) VALUES (78, 'WILLIAMSON', 'JEREL', 'AVERY', '1975-03-31', '1972-09-13 12:22:29', '2014-06-21 13:59:07');
INSERT INTO `readers` (`id`, `last_name`, `first_name`, `middle_name`, `date_of_birth`, `created_at`, `updated_at`) VALUES (79, 'ROWE', 'ROBYN', 'DALE', '1970-02-15', '2001-04-06 10:07:14', '2013-08-20 12:02:29');
INSERT INTO `readers` (`id`, `last_name`, `first_name`, `middle_name`, `date_of_birth`, `created_at`, `updated_at`) VALUES (80, 'HOWE', 'DESIREE', 'BRADFORD', '1977-03-03', '2002-07-21 19:59:49', '2019-08-13 08:17:58');
INSERT INTO `readers` (`id`, `last_name`, `first_name`, `middle_name`, `date_of_birth`, `created_at`, `updated_at`) VALUES (81, 'THOMPSON', 'DANIELLA', 'NICO', '2008-09-21', '1984-02-01 23:47:25', '1983-03-14 20:06:37');
INSERT INTO `readers` (`id`, `last_name`, `first_name`, `middle_name`, `date_of_birth`, `created_at`, `updated_at`) VALUES (82, 'CONSIDINE', 'ARVID', 'SEDRICK', '1981-05-29', '1990-02-16 20:33:08', '2000-08-21 05:16:03');
INSERT INTO `readers` (`id`, `last_name`, `first_name`, `middle_name`, `date_of_birth`, `created_at`, `updated_at`) VALUES (83, 'HYATT', 'NELDA', 'LAMBERT', '1996-05-07', '1999-08-11 01:30:42', '2014-07-22 03:37:34');
INSERT INTO `readers` (`id`, `last_name`, `first_name`, `middle_name`, `date_of_birth`, `created_at`, `updated_at`) VALUES (84, 'CHRISTIANSEN', 'MALIKA', 'JETTIE', '1981-09-16', '1972-03-02 06:06:37', '2012-04-02 09:18:31');
INSERT INTO `readers` (`id`, `last_name`, `first_name`, `middle_name`, `date_of_birth`, `created_at`, `updated_at`) VALUES (85, 'MURRAY', 'CHRIS', 'JOAQUIN', '2011-02-20', '1972-02-27 15:31:22', '1977-02-10 07:40:26');
INSERT INTO `readers` (`id`, `last_name`, `first_name`, `middle_name`, `date_of_birth`, `created_at`, `updated_at`) VALUES (86, 'KOVACEK', 'CALISTA', 'MIKE', '1977-12-19', '1994-10-13 02:22:06', '1981-09-11 02:02:58');
INSERT INTO `readers` (`id`, `last_name`, `first_name`, `middle_name`, `date_of_birth`, `created_at`, `updated_at`) VALUES (87, 'HAGENES', 'RALPH', 'OTTIS', '1970-01-01', '1984-12-28 21:16:41', '1971-11-03 00:14:23');
INSERT INTO `readers` (`id`, `last_name`, `first_name`, `middle_name`, `date_of_birth`, `created_at`, `updated_at`) VALUES (88, 'FAHEY', 'JOHN', 'HALEY', '2016-11-16', '2007-05-17 20:34:15', '2013-11-12 15:31:53');
INSERT INTO `readers` (`id`, `last_name`, `first_name`, `middle_name`, `date_of_birth`, `created_at`, `updated_at`) VALUES (89, 'HARVEY', 'ALYCIA', 'TORRANCE', '1991-04-19', '1985-06-15 15:10:00', '1988-01-23 22:26:14');
INSERT INTO `readers` (`id`, `last_name`, `first_name`, `middle_name`, `date_of_birth`, `created_at`, `updated_at`) VALUES (90, 'OLSON', 'DARRELL', 'CAESAR', '2019-11-18', '1998-12-27 00:59:01', '2001-05-31 02:20:17');
INSERT INTO `readers` (`id`, `last_name`, `first_name`, `middle_name`, `date_of_birth`, `created_at`, `updated_at`) VALUES (91, 'D\'AMORE', 'CAMERON', 'KORBIN', '2006-12-19', '2012-03-10 06:50:50', '2021-07-10 03:50:26');
INSERT INTO `readers` (`id`, `last_name`, `first_name`, `middle_name`, `date_of_birth`, `created_at`, `updated_at`) VALUES (92, 'SCHROEDER', 'MAYMIE', 'KRISTIAN', '1995-05-07', '2014-04-21 08:36:18', '2017-01-26 13:10:17');
INSERT INTO `readers` (`id`, `last_name`, `first_name`, `middle_name`, `date_of_birth`, `created_at`, `updated_at`) VALUES (93, 'BINS', 'ITZEL', 'AURELIO', '2006-09-07', '2006-01-02 22:27:12', '2020-12-01 21:47:53');
INSERT INTO `readers` (`id`, `last_name`, `first_name`, `middle_name`, `date_of_birth`, `created_at`, `updated_at`) VALUES (94, 'BAUMBACH', 'ELDON', 'DEVYN', '1988-12-01', '2004-04-07 00:33:16', '2002-12-02 13:34:49');
INSERT INTO `readers` (`id`, `last_name`, `first_name`, `middle_name`, `date_of_birth`, `created_at`, `updated_at`) VALUES (95, 'FARRELL', 'FAUSTO', 'WILFRED', '2020-07-01', '2000-12-12 16:12:11', '1987-12-01 03:13:10');
INSERT INTO `readers` (`id`, `last_name`, `first_name`, `middle_name`, `date_of_birth`, `created_at`, `updated_at`) VALUES (96, 'LEMKE', 'QUINCY', 'JANICK', '1993-11-08', '2008-11-14 17:20:30', '2014-12-02 03:58:32');
INSERT INTO `readers` (`id`, `last_name`, `first_name`, `middle_name`, `date_of_birth`, `created_at`, `updated_at`) VALUES (97, 'HAYES', 'NOELIA', 'DEVIN', '1987-07-27', '1985-12-09 04:39:39', '1971-03-08 02:10:24');
INSERT INTO `readers` (`id`, `last_name`, `first_name`, `middle_name`, `date_of_birth`, `created_at`, `updated_at`) VALUES (98, 'PFANNERSTILL', 'NELDA', 'EDWARDO', '1991-04-02', '2013-09-05 17:01:02', '2012-01-09 21:14:04');
INSERT INTO `readers` (`id`, `last_name`, `first_name`, `middle_name`, `date_of_birth`, `created_at`, `updated_at`) VALUES (99, 'VON', 'JUNIUS', 'IZAIAH', '2018-05-27', '1999-08-13 17:58:42', '2001-01-13 00:45:17');
INSERT INTO `readers` (`id`, `last_name`, `first_name`, `middle_name`, `date_of_birth`, `created_at`, `updated_at`) VALUES (100, 'MUELLER', 'MONTE', 'ORAN', '1971-02-11', '1986-08-09 02:24:08', '1993-06-27 20:40:49');


#
# TABLE STRUCTURE FOR: subjects
#

INSERT INTO `subjects` (`id`, `name`, `created_at`, `updated_at`) VALUES (1, 'DOLORE', '1992-02-23 20:07:57', '1978-10-21 16:42:28');
INSERT INTO `subjects` (`id`, `name`, `created_at`, `updated_at`) VALUES (2, 'VOLUPTATES', '1987-06-25 08:37:48', '1994-09-20 21:17:55');
INSERT INTO `subjects` (`id`, `name`, `created_at`, `updated_at`) VALUES (3, 'REPREHENDERIT', '2008-10-21 11:14:33', '2009-09-16 20:08:43');
INSERT INTO `subjects` (`id`, `name`, `created_at`, `updated_at`) VALUES (4, 'VOLUPTAS', '2006-03-25 20:28:26', '1990-08-31 06:06:21');
INSERT INTO `subjects` (`id`, `name`, `created_at`, `updated_at`) VALUES (5, 'AUT', '2010-11-17 14:42:10', '2007-06-15 10:47:44');
INSERT INTO `subjects` (`id`, `name`, `created_at`, `updated_at`) VALUES (6, 'EST', '1998-05-22 14:05:21', '1980-08-07 12:34:02');
INSERT INTO `subjects` (`id`, `name`, `created_at`, `updated_at`) VALUES (7, 'EVENIET', '1993-01-25 12:55:46', '1993-04-11 03:44:03');
INSERT INTO `subjects` (`id`, `name`, `created_at`, `updated_at`) VALUES (8, 'QUI', '1971-10-13 19:17:30', '1970-01-03 21:23:41');
INSERT INTO `subjects` (`id`, `name`, `created_at`, `updated_at`) VALUES (9, 'UT', '2002-06-23 19:30:27', '2016-03-23 22:39:27');
INSERT INTO `subjects` (`id`, `name`, `created_at`, `updated_at`) VALUES (10, 'ET', '2014-11-13 16:57:40', '1970-12-04 07:44:35');
INSERT INTO `subjects` (`id`, `name`, `created_at`, `updated_at`) VALUES (11, 'VOLUPTATEM', '2013-06-09 22:46:50', '2019-10-26 07:11:48');
INSERT INTO `subjects` (`id`, `name`, `created_at`, `updated_at`) VALUES (12, 'MOLESTIAE', '1996-02-18 16:09:30', '2014-06-13 19:07:50');
INSERT INTO `subjects` (`id`, `name`, `created_at`, `updated_at`) VALUES (13, 'ARCHITECTO', '1985-06-14 15:43:18', '2000-04-28 20:36:42');
INSERT INTO `subjects` (`id`, `name`, `created_at`, `updated_at`) VALUES (14, 'ELIGENDI', '2021-05-03 10:37:18', '1984-12-20 18:41:10');
INSERT INTO `subjects` (`id`, `name`, `created_at`, `updated_at`) VALUES (15, 'IN', '1988-06-27 06:07:17', '2008-06-26 15:18:09');
INSERT INTO `subjects` (`id`, `name`, `created_at`, `updated_at`) VALUES (16, 'EXERCITATIONEM', '2017-01-26 07:01:25', '1971-12-25 23:43:27');
INSERT INTO `subjects` (`id`, `name`, `created_at`, `updated_at`) VALUES (17, 'QUIDEM', '1998-03-03 18:17:51', '2010-02-09 06:32:24');
INSERT INTO `subjects` (`id`, `name`, `created_at`, `updated_at`) VALUES (18, 'NULLA', '2002-03-19 01:48:19', '1971-05-12 23:39:58');
INSERT INTO `subjects` (`id`, `name`, `created_at`, `updated_at`) VALUES (19, 'QUOS', '1974-09-17 13:26:41', '2017-10-06 08:00:31');
INSERT INTO `subjects` (`id`, `name`, `created_at`, `updated_at`) VALUES (20, 'IPSAM', '2019-12-25 21:08:23', '2005-10-17 20:38:48');
INSERT INTO `subjects` (`id`, `name`, `created_at`, `updated_at`) VALUES (21, 'BEATAE', '1996-04-06 14:28:52', '1988-10-07 20:29:42');
INSERT INTO `subjects` (`id`, `name`, `created_at`, `updated_at`) VALUES (22, 'DOLOREMQUE', '2018-11-04 02:44:01', '2019-09-24 11:09:10');
INSERT INTO `subjects` (`id`, `name`, `created_at`, `updated_at`) VALUES (23, 'OCCAECATI', '1972-10-23 05:37:42', '2005-01-18 04:45:09');
INSERT INTO `subjects` (`id`, `name`, `created_at`, `updated_at`) VALUES (24, 'CUMQUE', '1996-04-09 06:43:52', '1998-05-31 12:09:28');
INSERT INTO `subjects` (`id`, `name`, `created_at`, `updated_at`) VALUES (25, 'NEMO', '1995-12-27 19:39:15', '1997-07-03 12:47:10');
INSERT INTO `subjects` (`id`, `name`, `created_at`, `updated_at`) VALUES (26, 'ENIM', '2021-03-10 23:09:57', '1984-07-16 08:22:46');
INSERT INTO `subjects` (`id`, `name`, `created_at`, `updated_at`) VALUES (27, 'DOLOREM', '1990-04-26 05:37:35', '1977-08-07 21:18:59');
INSERT INTO `subjects` (`id`, `name`, `created_at`, `updated_at`) VALUES (28, 'QUAERAT', '2010-02-07 09:18:03', '2013-03-09 04:06:13');
INSERT INTO `subjects` (`id`, `name`, `created_at`, `updated_at`) VALUES (29, 'QUIA', '2003-03-02 02:24:58', '2018-12-04 19:26:44');
INSERT INTO `subjects` (`id`, `name`, `created_at`, `updated_at`) VALUES (30, 'VITAE', '2014-01-12 04:08:41', '1974-10-19 20:56:58');
INSERT INTO `subjects` (`id`, `name`, `created_at`, `updated_at`) VALUES (31, 'EUM', '1976-09-28 07:26:41', '1978-03-08 01:52:50');
INSERT INTO `subjects` (`id`, `name`, `created_at`, `updated_at`) VALUES (32, 'EX', '2021-02-13 15:46:14', '2006-12-03 23:11:53');
INSERT INTO `subjects` (`id`, `name`, `created_at`, `updated_at`) VALUES (33, 'EXPEDITA', '1996-09-22 08:23:21', '1974-08-05 05:37:59');
INSERT INTO `subjects` (`id`, `name`, `created_at`, `updated_at`) VALUES (34, 'NESCIUNT', '2008-03-27 17:42:29', '1999-02-19 05:48:09');
INSERT INTO `subjects` (`id`, `name`, `created_at`, `updated_at`) VALUES (35, 'SED', '2009-04-24 05:12:11', '1981-01-28 12:23:39');
INSERT INTO `subjects` (`id`, `name`, `created_at`, `updated_at`) VALUES (36, 'ADIPISCI', '1999-09-15 17:21:24', '1974-05-31 12:22:42');
INSERT INTO `subjects` (`id`, `name`, `created_at`, `updated_at`) VALUES (37, 'CUM', '2000-03-08 12:18:23', '2009-07-06 23:10:05');
INSERT INTO `subjects` (`id`, `name`, `created_at`, `updated_at`) VALUES (38, 'ISTE', '1971-01-08 13:22:08', '1991-03-20 12:50:47');
INSERT INTO `subjects` (`id`, `name`, `created_at`, `updated_at`) VALUES (39, 'DICTA', '1987-12-19 00:07:44', '1995-06-21 09:10:28');
INSERT INTO `subjects` (`id`, `name`, `created_at`, `updated_at`) VALUES (40, 'IURE', '1992-04-10 08:10:19', '2006-10-05 20:07:59');
INSERT INTO `subjects` (`id`, `name`, `created_at`, `updated_at`) VALUES (41, 'VOLUPTATE', '2011-02-21 07:20:34', '1991-09-25 08:47:29');
INSERT INTO `subjects` (`id`, `name`, `created_at`, `updated_at`) VALUES (42, 'TENETUR', '1970-07-19 06:03:20', '2006-10-15 20:41:01');
INSERT INTO `subjects` (`id`, `name`, `created_at`, `updated_at`) VALUES (43, 'MAIORES', '1981-02-02 12:53:36', '1996-06-29 00:40:11');
INSERT INTO `subjects` (`id`, `name`, `created_at`, `updated_at`) VALUES (44, 'QUO', '2003-02-20 13:30:14', '1991-06-07 01:54:48');
INSERT INTO `subjects` (`id`, `name`, `created_at`, `updated_at`) VALUES (45, 'VEL', '1973-08-07 07:32:21', '2017-11-18 04:16:16');
INSERT INTO `subjects` (`id`, `name`, `created_at`, `updated_at`) VALUES (46, 'NEQUE', '2005-08-07 11:14:25', '2011-12-23 22:44:22');
INSERT INTO `subjects` (`id`, `name`, `created_at`, `updated_at`) VALUES (47, 'VENIAM', '2011-06-13 19:41:49', '2021-03-10 02:09:28');
INSERT INTO `subjects` (`id`, `name`, `created_at`, `updated_at`) VALUES (48, 'OFFICIIS', '2005-08-23 10:34:52', '1999-02-16 11:46:37');
INSERT INTO `subjects` (`id`, `name`, `created_at`, `updated_at`) VALUES (49, 'ERROR', '1990-11-12 17:16:45', '1987-03-15 21:02:45');
INSERT INTO `subjects` (`id`, `name`, `created_at`, `updated_at`) VALUES (50, 'HARUM', '2007-09-25 13:40:49', '1999-07-10 02:59:24');
INSERT INTO `subjects` (`id`, `name`, `created_at`, `updated_at`) VALUES (51, 'HIC', '1988-05-25 15:27:49', '1972-12-18 20:35:22');
INSERT INTO `subjects` (`id`, `name`, `created_at`, `updated_at`) VALUES (52, 'ASPERIORES', '1994-06-12 00:54:27', '1973-05-30 09:46:47');
INSERT INTO `subjects` (`id`, `name`, `created_at`, `updated_at`) VALUES (53, 'MINUS', '2000-05-31 20:50:01', '1983-02-05 14:41:17');
INSERT INTO `subjects` (`id`, `name`, `created_at`, `updated_at`) VALUES (54, 'APERIAM', '1970-11-03 01:34:56', '1971-01-14 16:44:24');
INSERT INTO `subjects` (`id`, `name`, `created_at`, `updated_at`) VALUES (55, 'AT', '1996-06-28 17:07:58', '1988-09-19 05:12:44');
INSERT INTO `subjects` (`id`, `name`, `created_at`, `updated_at`) VALUES (56, 'ACCUSANTIUM', '1998-08-09 09:47:32', '1999-12-30 23:41:23');
INSERT INTO `subjects` (`id`, `name`, `created_at`, `updated_at`) VALUES (57, 'MINIMA', '1976-09-08 20:04:56', '2001-01-27 23:32:19');
INSERT INTO `subjects` (`id`, `name`, `created_at`, `updated_at`) VALUES (58, 'SEQUI', '2015-05-15 04:55:26', '2019-12-15 09:59:23');
INSERT INTO `subjects` (`id`, `name`, `created_at`, `updated_at`) VALUES (59, 'SIT', '2002-09-23 04:46:03', '2019-12-24 06:05:18');
INSERT INTO `subjects` (`id`, `name`, `created_at`, `updated_at`) VALUES (60, 'VELIT', '1983-03-29 20:57:14', '1973-08-14 05:14:46');
INSERT INTO `subjects` (`id`, `name`, `created_at`, `updated_at`) VALUES (61, 'NON', '1980-03-20 22:33:24', '1990-08-31 06:40:24');
INSERT INTO `subjects` (`id`, `name`, `created_at`, `updated_at`) VALUES (62, 'OPTIO', '1977-11-12 13:16:16', '2002-11-15 19:33:35');
INSERT INTO `subjects` (`id`, `name`, `created_at`, `updated_at`) VALUES (63, 'CONSEQUATUR', '1982-04-06 07:39:24', '2019-04-04 02:28:41');
INSERT INTO `subjects` (`id`, `name`, `created_at`, `updated_at`) VALUES (64, 'CORPORIS', '2017-05-09 17:34:46', '2002-06-10 23:56:23');
INSERT INTO `subjects` (`id`, `name`, `created_at`, `updated_at`) VALUES (65, 'ANIMI', '2005-01-07 07:01:26', '2004-07-26 22:10:22');
INSERT INTO `subjects` (`id`, `name`, `created_at`, `updated_at`) VALUES (66, 'IPSUM', '2015-11-19 08:17:05', '1975-12-22 08:29:24');
INSERT INTO `subjects` (`id`, `name`, `created_at`, `updated_at`) VALUES (67, 'ODIO', '2007-12-03 15:19:03', '1984-06-02 06:22:12');
INSERT INTO `subjects` (`id`, `name`, `created_at`, `updated_at`) VALUES (68, 'NIHIL', '1998-09-20 03:29:01', '1998-08-24 17:58:21');
INSERT INTO `subjects` (`id`, `name`, `created_at`, `updated_at`) VALUES (69, 'IMPEDIT', '1976-09-09 08:33:25', '2005-06-09 17:39:26');
INSERT INTO `subjects` (`id`, `name`, `created_at`, `updated_at`) VALUES (70, 'REICIENDIS', '1981-07-08 13:35:46', '2010-10-01 02:49:24');
INSERT INTO `subjects` (`id`, `name`, `created_at`, `updated_at`) VALUES (71, 'AMET', '1977-07-16 02:35:40', '1980-10-28 01:54:29');
INSERT INTO `subjects` (`id`, `name`, `created_at`, `updated_at`) VALUES (72, 'EAQUE', '1978-09-18 15:04:25', '2002-12-10 00:29:17');
INSERT INTO `subjects` (`id`, `name`, `created_at`, `updated_at`) VALUES (73, 'ALIQUAM', '2017-03-15 14:44:16', '1988-07-26 19:03:58');
INSERT INTO `subjects` (`id`, `name`, `created_at`, `updated_at`) VALUES (74, 'FUGIAT', '2001-07-21 23:23:18', '2003-08-16 02:09:46');
INSERT INTO `subjects` (`id`, `name`, `created_at`, `updated_at`) VALUES (75, 'SUSCIPIT', '1984-05-25 13:24:37', '2014-11-23 18:47:09');
INSERT INTO `subjects` (`id`, `name`, `created_at`, `updated_at`) VALUES (76, 'LABORUM', '1980-02-05 15:02:42', '1975-10-08 12:10:10');
INSERT INTO `subjects` (`id`, `name`, `created_at`, `updated_at`) VALUES (77, 'EOS', '2002-04-19 17:24:21', '1978-01-14 22:23:34');
INSERT INTO `subjects` (`id`, `name`, `created_at`, `updated_at`) VALUES (78, 'ALIAS', '1994-07-07 14:20:59', '2002-12-28 12:51:21');
INSERT INTO `subjects` (`id`, `name`, `created_at`, `updated_at`) VALUES (79, 'MOLLITIA', '1998-05-03 16:27:37', '2004-10-25 08:27:32');
INSERT INTO `subjects` (`id`, `name`, `created_at`, `updated_at`) VALUES (80, 'ITAQUE', '1991-01-26 05:56:24', '2003-06-22 11:30:55');
INSERT INTO `subjects` (`id`, `name`, `created_at`, `updated_at`) VALUES (81, 'RERUM', '1994-09-17 09:55:59', '1979-02-20 18:25:22');
INSERT INTO `subjects` (`id`, `name`, `created_at`, `updated_at`) VALUES (82, 'EXCEPTURI', '1986-09-25 07:02:54', '1976-05-08 18:59:21');
INSERT INTO `subjects` (`id`, `name`, `created_at`, `updated_at`) VALUES (83, 'QUIS', '1978-01-24 14:59:57', '2004-11-21 13:22:07');
INSERT INTO `subjects` (`id`, `name`, `created_at`, `updated_at`) VALUES (84, 'ACCUSAMUS', '2008-03-09 01:29:21', '1974-03-19 21:35:51');
INSERT INTO `subjects` (`id`, `name`, `created_at`, `updated_at`) VALUES (85, 'DOLOR', '1994-04-01 05:03:07', '1998-02-20 13:48:59');
INSERT INTO `subjects` (`id`, `name`, `created_at`, `updated_at`) VALUES (86, 'IPSA', '1984-03-29 21:29:04', '1999-04-03 00:29:23');
INSERT INTO `subjects` (`id`, `name`, `created_at`, `updated_at`) VALUES (87, 'EA', '2002-01-16 15:44:54', '1997-04-02 06:17:50');
INSERT INTO `subjects` (`id`, `name`, `created_at`, `updated_at`) VALUES (88, 'LABORE', '2011-01-12 06:13:33', '1981-06-27 05:06:15');
INSERT INTO `subjects` (`id`, `name`, `created_at`, `updated_at`) VALUES (89, 'ID', '1981-03-02 23:02:31', '1979-08-21 00:03:18');
INSERT INTO `subjects` (`id`, `name`, `created_at`, `updated_at`) VALUES (90, 'BLANDITIIS', '1998-06-12 02:36:40', '2008-08-16 06:34:28');
INSERT INTO `subjects` (`id`, `name`, `created_at`, `updated_at`) VALUES (91, 'ESSE', '1974-05-17 18:38:32', '2017-07-08 11:00:29');
INSERT INTO `subjects` (`id`, `name`, `created_at`, `updated_at`) VALUES (92, 'REPUDIANDAE', '2004-05-17 13:18:34', '1978-09-28 11:45:50');
INSERT INTO `subjects` (`id`, `name`, `created_at`, `updated_at`) VALUES (93, 'UNDE', '1997-07-28 09:04:09', '2007-05-27 23:17:47');
INSERT INTO `subjects` (`id`, `name`, `created_at`, `updated_at`) VALUES (94, 'VOLUPTATUM', '2004-06-26 16:19:02', '1984-02-01 17:34:50');
INSERT INTO `subjects` (`id`, `name`, `created_at`, `updated_at`) VALUES (95, 'RECUSANDAE', '1987-07-02 08:54:32', '2000-10-01 01:21:58');
INSERT INTO `subjects` (`id`, `name`, `created_at`, `updated_at`) VALUES (96, 'VOLUPTATIBUS', '1981-08-31 16:56:49', '1985-05-26 18:54:05');
INSERT INTO `subjects` (`id`, `name`, `created_at`, `updated_at`) VALUES (97, 'QUOD', '2018-01-04 02:00:52', '1974-11-19 13:11:11');
INSERT INTO `subjects` (`id`, `name`, `created_at`, `updated_at`) VALUES (98, 'CULPA', '2020-01-01 04:30:15', '1978-07-25 16:54:15');
INSERT INTO `subjects` (`id`, `name`, `created_at`, `updated_at`) VALUES (99, 'OFFICIA', '1999-11-18 10:12:40', '2014-08-25 03:56:11');
INSERT INTO `subjects` (`id`, `name`, `created_at`, `updated_at`) VALUES (100, 'PORRO', '1981-07-23 15:00:13', '2008-03-18 06:00:55');


#
# TABLE STRUCTURE FOR: tickets
#

INSERT INTO `tickets` (`id`, `ticket`, `created_at`, `updated_at`) VALUES (1, '676', '1993-06-10 02:42:40', '2003-05-17 20:01:20');
INSERT INTO `tickets` (`id`, `ticket`, `created_at`, `updated_at`) VALUES (2, '369', '1993-12-15 04:14:28', '2001-08-18 21:49:49');
INSERT INTO `tickets` (`id`, `ticket`, `created_at`, `updated_at`) VALUES (3, '494', '1986-03-01 08:03:30', '2001-09-22 19:39:05');
INSERT INTO `tickets` (`id`, `ticket`, `created_at`, `updated_at`) VALUES (4, '858', '1978-07-18 11:03:25', '1999-08-04 22:59:44');
INSERT INTO `tickets` (`id`, `ticket`, `created_at`, `updated_at`) VALUES (5, '169', '1975-01-04 01:19:11', '1985-10-15 16:09:22');
INSERT INTO `tickets` (`id`, `ticket`, `created_at`, `updated_at`) VALUES (6, '529', '1982-01-21 01:49:08', '1995-01-01 06:56:38');
INSERT INTO `tickets` (`id`, `ticket`, `created_at`, `updated_at`) VALUES (7, '208', '2000-10-24 23:01:58', '1999-09-23 00:53:02');
INSERT INTO `tickets` (`id`, `ticket`, `created_at`, `updated_at`) VALUES (8, '761', '1973-10-01 08:13:56', '1981-09-03 08:52:10');
INSERT INTO `tickets` (`id`, `ticket`, `created_at`, `updated_at`) VALUES (9, '376', '1979-11-22 16:56:00', '1994-11-13 23:23:46');
INSERT INTO `tickets` (`id`, `ticket`, `created_at`, `updated_at`) VALUES (10, '575', '2008-02-22 21:39:22', '2009-11-26 09:03:18');
INSERT INTO `tickets` (`id`, `ticket`, `created_at`, `updated_at`) VALUES (11, '534', '1990-04-09 13:22:31', '2021-01-16 21:38:09');
INSERT INTO `tickets` (`id`, `ticket`, `created_at`, `updated_at`) VALUES (12, '210', '1973-07-26 04:28:24', '1977-07-25 12:53:17');
INSERT INTO `tickets` (`id`, `ticket`, `created_at`, `updated_at`) VALUES (13, '805', '2007-02-12 15:44:14', '2011-11-06 13:10:34');
INSERT INTO `tickets` (`id`, `ticket`, `created_at`, `updated_at`) VALUES (14, '142', '2001-06-21 16:21:06', '2019-08-02 02:14:55');
INSERT INTO `tickets` (`id`, `ticket`, `created_at`, `updated_at`) VALUES (15, '630', '1971-04-23 01:56:18', '1992-10-24 20:56:47');
INSERT INTO `tickets` (`id`, `ticket`, `created_at`, `updated_at`) VALUES (16, '218', '2002-11-20 07:03:17', '2017-04-10 02:42:17');
INSERT INTO `tickets` (`id`, `ticket`, `created_at`, `updated_at`) VALUES (17, '116', '1997-06-23 00:20:01', '1974-07-07 01:41:32');
INSERT INTO `tickets` (`id`, `ticket`, `created_at`, `updated_at`) VALUES (18, '276', '1984-09-26 13:30:53', '1994-09-18 03:40:38');
INSERT INTO `tickets` (`id`, `ticket`, `created_at`, `updated_at`) VALUES (19, '627', '1981-05-30 21:58:49', '2003-12-31 04:52:11');
INSERT INTO `tickets` (`id`, `ticket`, `created_at`, `updated_at`) VALUES (20, '117', '1971-05-15 02:05:35', '1990-09-29 04:37:09');
INSERT INTO `tickets` (`id`, `ticket`, `created_at`, `updated_at`) VALUES (21, '952', '2006-04-22 03:42:04', '1999-05-23 01:38:02');
INSERT INTO `tickets` (`id`, `ticket`, `created_at`, `updated_at`) VALUES (22, '097', '2002-11-14 16:30:36', '2020-10-05 10:27:57');
INSERT INTO `tickets` (`id`, `ticket`, `created_at`, `updated_at`) VALUES (23, '615', '2015-03-11 13:44:10', '1983-12-17 03:08:44');
INSERT INTO `tickets` (`id`, `ticket`, `created_at`, `updated_at`) VALUES (24, '421', '1995-02-17 03:38:28', '2017-03-13 08:45:36');
INSERT INTO `tickets` (`id`, `ticket`, `created_at`, `updated_at`) VALUES (25, '245', '2021-01-08 13:31:20', '2020-08-03 18:26:59');
INSERT INTO `tickets` (`id`, `ticket`, `created_at`, `updated_at`) VALUES (26, '718', '2018-02-10 06:32:08', '2018-06-24 07:50:55');
INSERT INTO `tickets` (`id`, `ticket`, `created_at`, `updated_at`) VALUES (27, '561', '1971-07-07 11:55:46', '1998-12-24 09:33:07');
INSERT INTO `tickets` (`id`, `ticket`, `created_at`, `updated_at`) VALUES (28, '361', '2009-05-28 08:47:15', '1978-09-22 14:09:27');
INSERT INTO `tickets` (`id`, `ticket`, `created_at`, `updated_at`) VALUES (29, '807', '2006-07-25 06:40:54', '1989-09-29 05:15:38');
INSERT INTO `tickets` (`id`, `ticket`, `created_at`, `updated_at`) VALUES (30, '320', '2013-03-27 17:39:52', '2002-06-18 00:21:19');
INSERT INTO `tickets` (`id`, `ticket`, `created_at`, `updated_at`) VALUES (31, '164', '1973-07-14 10:44:46', '2007-02-19 00:33:47');
INSERT INTO `tickets` (`id`, `ticket`, `created_at`, `updated_at`) VALUES (32, '205', '2003-07-15 17:41:50', '1985-06-20 00:07:05');
INSERT INTO `tickets` (`id`, `ticket`, `created_at`, `updated_at`) VALUES (33, '444', '2002-07-31 03:57:26', '1972-03-06 20:09:03');
INSERT INTO `tickets` (`id`, `ticket`, `created_at`, `updated_at`) VALUES (34, '047', '1995-12-25 16:23:15', '1996-03-30 01:01:31');
INSERT INTO `tickets` (`id`, `ticket`, `created_at`, `updated_at`) VALUES (35, '837', '1995-12-14 02:28:20', '1999-12-10 17:23:46');
INSERT INTO `tickets` (`id`, `ticket`, `created_at`, `updated_at`) VALUES (36, '992', '1971-01-11 11:54:45', '1992-08-09 16:15:53');
INSERT INTO `tickets` (`id`, `ticket`, `created_at`, `updated_at`) VALUES (37, '747', '1993-12-10 03:55:59', '1985-03-10 08:46:47');
INSERT INTO `tickets` (`id`, `ticket`, `created_at`, `updated_at`) VALUES (38, '094', '1981-02-22 22:23:29', '1971-09-16 04:07:03');
INSERT INTO `tickets` (`id`, `ticket`, `created_at`, `updated_at`) VALUES (39, '993', '1975-07-30 23:25:20', '2020-11-08 23:52:44');
INSERT INTO `tickets` (`id`, `ticket`, `created_at`, `updated_at`) VALUES (40, '061', '2017-10-21 02:03:43', '2005-03-05 05:14:05');
INSERT INTO `tickets` (`id`, `ticket`, `created_at`, `updated_at`) VALUES (41, '281', '1987-03-16 16:57:47', '1973-03-19 00:25:26');
INSERT INTO `tickets` (`id`, `ticket`, `created_at`, `updated_at`) VALUES (42, '658', '2005-08-13 06:08:13', '2011-03-08 08:14:54');
INSERT INTO `tickets` (`id`, `ticket`, `created_at`, `updated_at`) VALUES (43, '020', '2004-12-09 00:22:52', '2009-08-26 20:19:38');
INSERT INTO `tickets` (`id`, `ticket`, `created_at`, `updated_at`) VALUES (44, '090', '2000-08-05 07:43:56', '1970-05-17 06:57:27');
INSERT INTO `tickets` (`id`, `ticket`, `created_at`, `updated_at`) VALUES (45, '839', '2017-06-28 16:51:19', '2011-02-07 22:03:15');
INSERT INTO `tickets` (`id`, `ticket`, `created_at`, `updated_at`) VALUES (46, '926', '2002-03-12 01:23:46', '1988-11-18 14:32:51');
INSERT INTO `tickets` (`id`, `ticket`, `created_at`, `updated_at`) VALUES (47, '903', '1984-10-11 07:02:01', '1974-01-22 21:10:33');
INSERT INTO `tickets` (`id`, `ticket`, `created_at`, `updated_at`) VALUES (48, '032', '1982-01-28 23:03:14', '1983-11-09 14:14:26');
INSERT INTO `tickets` (`id`, `ticket`, `created_at`, `updated_at`) VALUES (49, '387', '2019-07-15 12:10:53', '2000-07-15 19:28:01');
INSERT INTO `tickets` (`id`, `ticket`, `created_at`, `updated_at`) VALUES (50, '772', '1977-04-02 13:29:00', '2004-07-23 18:54:10');
INSERT INTO `tickets` (`id`, `ticket`, `created_at`, `updated_at`) VALUES (51, '150', '1985-11-15 19:14:53', '1978-02-27 12:42:20');
INSERT INTO `tickets` (`id`, `ticket`, `created_at`, `updated_at`) VALUES (52, '734', '2012-06-15 23:20:49', '1987-01-31 15:11:10');
INSERT INTO `tickets` (`id`, `ticket`, `created_at`, `updated_at`) VALUES (53, '754', '1995-07-28 13:42:07', '1995-06-02 07:12:01');
INSERT INTO `tickets` (`id`, `ticket`, `created_at`, `updated_at`) VALUES (54, '661', '2009-04-21 10:48:31', '1987-04-27 02:07:51');
INSERT INTO `tickets` (`id`, `ticket`, `created_at`, `updated_at`) VALUES (55, '927', '2018-01-10 15:39:55', '2002-01-05 07:21:35');
INSERT INTO `tickets` (`id`, `ticket`, `created_at`, `updated_at`) VALUES (56, '510', '2005-03-31 09:11:26', '1995-06-27 18:30:49');
INSERT INTO `tickets` (`id`, `ticket`, `created_at`, `updated_at`) VALUES (57, '991', '1980-12-25 21:19:19', '2013-05-01 17:01:41');
INSERT INTO `tickets` (`id`, `ticket`, `created_at`, `updated_at`) VALUES (58, '938', '1973-03-11 00:45:40', '2020-03-01 14:28:18');
INSERT INTO `tickets` (`id`, `ticket`, `created_at`, `updated_at`) VALUES (59, '418', '2017-05-06 12:43:05', '1974-08-22 06:30:10');
INSERT INTO `tickets` (`id`, `ticket`, `created_at`, `updated_at`) VALUES (60, '466', '2020-09-10 13:58:44', '2012-05-29 01:36:17');
INSERT INTO `tickets` (`id`, `ticket`, `created_at`, `updated_at`) VALUES (61, '660', '1995-03-14 01:24:00', '1995-12-05 17:51:42');
INSERT INTO `tickets` (`id`, `ticket`, `created_at`, `updated_at`) VALUES (62, '261', '2021-06-29 04:16:35', '1986-06-23 18:59:05');
INSERT INTO `tickets` (`id`, `ticket`, `created_at`, `updated_at`) VALUES (63, '850', '1987-07-04 14:58:24', '1978-12-12 21:27:42');
INSERT INTO `tickets` (`id`, `ticket`, `created_at`, `updated_at`) VALUES (64, '229', '1993-01-25 08:55:55', '1976-08-20 12:37:14');
INSERT INTO `tickets` (`id`, `ticket`, `created_at`, `updated_at`) VALUES (65, '553', '1987-10-20 15:43:41', '1992-05-18 04:47:00');
INSERT INTO `tickets` (`id`, `ticket`, `created_at`, `updated_at`) VALUES (66, '724', '2019-12-09 07:54:02', '1987-08-15 03:14:53');
INSERT INTO `tickets` (`id`, `ticket`, `created_at`, `updated_at`) VALUES (67, '377', '1972-04-10 19:46:14', '2021-02-19 11:14:33');
INSERT INTO `tickets` (`id`, `ticket`, `created_at`, `updated_at`) VALUES (68, '928', '1984-11-23 12:26:42', '2015-01-08 04:03:26');
INSERT INTO `tickets` (`id`, `ticket`, `created_at`, `updated_at`) VALUES (69, '610', '1980-10-10 05:26:01', '1972-01-15 03:48:53');
INSERT INTO `tickets` (`id`, `ticket`, `created_at`, `updated_at`) VALUES (70, '886', '1975-04-05 05:54:48', '1999-10-22 22:54:13');
INSERT INTO `tickets` (`id`, `ticket`, `created_at`, `updated_at`) VALUES (71, '347', '1978-08-23 12:20:36', '1973-05-28 18:40:07');
INSERT INTO `tickets` (`id`, `ticket`, `created_at`, `updated_at`) VALUES (72, '429', '2018-05-07 21:18:55', '1974-06-21 11:08:55');
INSERT INTO `tickets` (`id`, `ticket`, `created_at`, `updated_at`) VALUES (73, '080', '2009-05-06 19:47:03', '2003-10-30 14:13:40');
INSERT INTO `tickets` (`id`, `ticket`, `created_at`, `updated_at`) VALUES (74, '990', '1993-12-27 05:59:30', '1976-12-13 07:54:27');
INSERT INTO `tickets` (`id`, `ticket`, `created_at`, `updated_at`) VALUES (75, '696', '2002-01-06 03:38:50', '2004-11-30 02:28:38');
INSERT INTO `tickets` (`id`, `ticket`, `created_at`, `updated_at`) VALUES (76, '600', '1983-07-08 14:51:18', '1994-09-08 21:41:19');
INSERT INTO `tickets` (`id`, `ticket`, `created_at`, `updated_at`) VALUES (77, '174', '1991-09-04 17:32:56', '1974-06-12 10:41:31');
INSERT INTO `tickets` (`id`, `ticket`, `created_at`, `updated_at`) VALUES (78, '791', '1982-06-16 01:24:00', '2013-05-27 16:37:55');
INSERT INTO `tickets` (`id`, `ticket`, `created_at`, `updated_at`) VALUES (79, '488', '1972-05-10 07:30:44', '1979-06-08 04:24:00');
INSERT INTO `tickets` (`id`, `ticket`, `created_at`, `updated_at`) VALUES (80, '996', '2011-02-07 03:29:11', '1972-08-18 12:24:24');
INSERT INTO `tickets` (`id`, `ticket`, `created_at`, `updated_at`) VALUES (81, '733', '1982-05-16 14:30:43', '2008-11-20 02:25:53');
INSERT INTO `tickets` (`id`, `ticket`, `created_at`, `updated_at`) VALUES (82, '764', '2006-09-12 08:04:18', '2008-07-02 03:37:09');
INSERT INTO `tickets` (`id`, `ticket`, `created_at`, `updated_at`) VALUES (83, '825', '1970-02-23 22:38:37', '1973-07-08 18:12:38');
INSERT INTO `tickets` (`id`, `ticket`, `created_at`, `updated_at`) VALUES (84, '290', '1988-02-25 07:20:42', '1973-07-13 21:27:55');
INSERT INTO `tickets` (`id`, `ticket`, `created_at`, `updated_at`) VALUES (85, '781', '2008-12-16 14:51:29', '2005-09-20 21:01:00');
INSERT INTO `tickets` (`id`, `ticket`, `created_at`, `updated_at`) VALUES (86, '723', '1979-02-19 10:49:25', '1999-11-03 12:55:12');
INSERT INTO `tickets` (`id`, `ticket`, `created_at`, `updated_at`) VALUES (87, '424', '2000-07-16 09:33:05', '2003-03-02 04:55:41');
INSERT INTO `tickets` (`id`, `ticket`, `created_at`, `updated_at`) VALUES (88, '321', '1985-06-11 21:22:25', '1977-04-16 08:56:56');
INSERT INTO `tickets` (`id`, `ticket`, `created_at`, `updated_at`) VALUES (89, '517', '1970-03-14 00:55:36', '1993-01-16 22:04:27');
INSERT INTO `tickets` (`id`, `ticket`, `created_at`, `updated_at`) VALUES (90, '390', '1987-07-15 04:24:35', '1976-07-30 04:52:42');
INSERT INTO `tickets` (`id`, `ticket`, `created_at`, `updated_at`) VALUES (91, '531', '2005-09-11 14:07:42', '1972-01-17 11:23:32');
INSERT INTO `tickets` (`id`, `ticket`, `created_at`, `updated_at`) VALUES (92, '642', '1983-01-19 10:46:55', '2016-02-06 14:01:11');
INSERT INTO `tickets` (`id`, `ticket`, `created_at`, `updated_at`) VALUES (93, '618', '1994-04-19 09:13:32', '2011-04-11 17:13:31');
INSERT INTO `tickets` (`id`, `ticket`, `created_at`, `updated_at`) VALUES (94, '632', '1985-08-26 15:34:09', '2003-08-21 01:10:33');
INSERT INTO `tickets` (`id`, `ticket`, `created_at`, `updated_at`) VALUES (95, '922', '2016-08-22 02:52:27', '1984-06-25 23:00:18');
INSERT INTO `tickets` (`id`, `ticket`, `created_at`, `updated_at`) VALUES (96, '486', '1970-02-12 01:36:45', '1998-10-18 02:13:41');
INSERT INTO `tickets` (`id`, `ticket`, `created_at`, `updated_at`) VALUES (97, '872', '2001-10-06 19:12:43', '2005-05-16 05:02:17');
INSERT INTO `tickets` (`id`, `ticket`, `created_at`, `updated_at`) VALUES (98, '323', '2012-12-24 19:51:52', '2018-03-20 15:42:27');
INSERT INTO `tickets` (`id`, `ticket`, `created_at`, `updated_at`) VALUES (99, '857', '1974-07-18 02:30:56', '2005-01-31 23:29:25');
INSERT INTO `tickets` (`id`, `ticket`, `created_at`, `updated_at`) VALUES (100, '196', '2004-04-03 17:14:01', '1998-07-19 06:00:33');


